"Samples","Median_AI_mod","Median_NOSC","Median_DBE","Median_Gibbs","Median_Gibbs_Compound","Median_Lambda","Location","Treatment"
"EC_005_SIR-D1",0.305235137533274,-0.428571428571429,12,-145.187164561186,-3615.0150095998,0.034392515107556,"EC_005","D"
"EC_005_SIR-D2",0.307692307692308,-0.413793103448276,12,-144.859260707981,-3570.47653966547,0.0351863001387111,"EC_005","D"
"EC_005_SIR-D3",0.348837209302326,-0.333333333333333,13,-143.816292915574,-3654.96885295503,0.0353041076829979,"EC_005","D"
"EC_005_SIR-D4",0.294117647058824,-0.428571428571429,12,-145.196138453723,-3756.50732288936,0.0331073777563475,"EC_005","D"
"EC_005_SIR-D5",0.304347826086957,-0.416666666666667,12,-144.777457734747,-3564.6150095998,0.0349677427744868,"EC_005","D"
"EC_005_SIR-W1",0.3,-0.428571428571429,11,-145.009728010738,-3571.22273269236,0.034943732691956,"EC_005","W"
"EC_005_SIR-W2",0.319148936170213,-0.413793103448276,12,-144.767211640172,-3563.97655785652,0.0354912632288827,"EC_005","W"
"EC_005_SIR-W3",0.297297297297297,-0.421052631578948,12,-144.880552219317,-3616.29191308636,0.034943732691956,"EC_005","W"
"EC_005_SIR-W4",0.313859275053305,-0.421052631578948,12,-144.967061586619,-3711.33040121175,0.0337299854859548,"EC_005","W"
"EC_005_SIR-W5",0.3,-0.424242424242424,12,-144.967061586619,-3614.26881657292,0.0346534306894817,"EC_005","W"
"EC_009_SIR-D1",0.299122807017544,-0.444444444444445,11,-145.445135048402,-3592.74577463264,0.0346121938335347,"EC_009","D"
"EC_009_SIR-D2",0.282051282051282,-0.48,11,-145.735149642636,-3633.33806973114,0.0340779302587702,"EC_009","D"
"EC_009_SIR-D3",0.285714285714286,-0.5,11,-145.566221780264,-3588.90734108041,0.0341768052683809,"EC_009","D"
"EC_009_SIR-D4",0.282051282051282,-0.5,11,-145.883369055037,-3662.4803830207,0.033543399490366,"EC_009","D"
"EC_009_SIR-D5",0.304347826086957,-0.470588235294118,11,-145.543569698109,-3431.3804194028,0.0360225491196565,"EC_009","D"
"EC_009_SIR-W1",0.263157894736842,-0.521739130434782,11,-146.13366442234,-3626.83808792219,0.0336027471225954,"EC_009","W"
"EC_009_SIR-W2",0.285714285714286,-0.428571428571429,11,-145.056457437196,-3448.79967256102,0.0361570194170607,"EC_009","W"
"EC_009_SIR-W3",0.285714285714286,-0.416666666666667,10,-144.885454382081,-3093.79198585058,0.0387603645238386,"EC_009","W"
"EC_009_SIR-W4",0.277777777777778,-0.444444444444445,11,-145.187164561186,-3385.19194946847,0.0365137645254673,"EC_009","W"
"EC_009_SIR-W5",0.307692307692308,-0.444444444444445,11,-145.196138453723,-3260.74579282369,0.0377223592673602,"EC_009","W"
"EC_011_SIR-D1",0.259259259259259,-0.5,10,-145.931423160537,-3537.76887114608,0.0348617685095374,"EC_011","D"
"EC_011_SIR-D2",0.24,-0.533333333333333,10,-146.066848835813,-3501.75347953414,0.0346873661133568,"EC_011","D"
"EC_011_SIR-D3",0.39622641509434,-0.521739130434782,13,-146.541889256196,-3426.42655785653,0.0358728017567044,"EC_011","D"
"EC_011_SIR-D4",0.2,-0.428571428571429,9,-144.6028498096,-2932.42276907447,0.0408709547324006,"EC_011","D"
"EC_011_SIR-D5",0.263157894736842,-0.5,11,-145.900786297753,-3493.86885295503,0.0349506207183926,"EC_011","D"
"EC_011_SIR-W1",0.285714285714286,-0.428571428571429,11,-145.183901327536,-3321.69196765953,0.0372780685721224,"EC_011","W"
"EC_011_SIR-W2",0.263157894736842,-0.48,10,-145.64890785241,-3409.48428094908,0.0361448696842451,"EC_011","W"
"EC_011_SIR-W3",0.286924939467312,-0.454545454545454,11,-145.485441906644,-3409.74963617891,0.0361746348375329,"EC_011","W"
"EC_011_SIR-W4",0.275862068965517,-0.470588235294118,11,-145.780063538913,-3546.29194946847,0.0348952639814505,"EC_011","W"
"EC_011_SIR-W5",0.304347826086957,-0.444444444444445,11,-145.196138453723,-3391.05347953414,0.0366662732737022,"EC_011","W"
"EC_012_SIR-D1",0.230769230769231,-0.25,10,-142.243220923101,-2917.2958292058,0.0432858739495416,"EC_012","D"
"EC_012_SIR-D2",0.225806451612903,-0.461538461538462,9,-145.209165071922,-3112.11504598191,0.0386598140037205,"EC_012","D"
"EC_012_SIR-D3",0.0434782608695652,-0.454545454545454,7,-145.928829711932,-2733.6612390088,0.0426539566842977,"EC_012","D"
"EC_012_SIR-D4",0.4,-0.476190476190476,13,-145.183901327536,-3540.4304194028,0.0349005616656326,"EC_012","D"
"EC_012_SIR-D5",0.270509977827051,-0.422619047619048,12,-143.804105536666,-3358.98426275802,0.0374446586614652,"EC_012","D"
"EC_012_SIR-W1",0.263157894736842,-0.476190476190476,10,-145.861975804733,-3260.74579282369,0.0370470675676451,"EC_012","W"
"EC_012_SIR-W2",0,-0.424812030075189,6,-146.714343675216,-2598.13433552224,0.0453550034826729,"EC_012","W"
"EC_012_SIR-W3",0.365853658536585,-0.430501930501931,12,-144.913244924044,-3378.05351591625,0.0364422040219518,"EC_012","W"
"EC_012_SIR-W4",0.268761726078799,-0.470588235294118,10,-145.509621820812,-3364.84579282369,0.0366863636133777,"EC_012","W"
"EC_012_SIR-W5",0.272727272727273,-0.461538461538462,11,-145.445135048402,-3442.19194946847,0.0359468379153267,"EC_012","W"
"EC_013_SIR-D1",0.318181818181818,-0.4,11,-144.755606016984,-3356.42273269236,0.0374475356560967,"EC_013","D"
"EC_013_SIR-D2",0.322033898305085,-0.388888888888889,11,-144.829792824619,-3293.56120262669,0.0383028348885061,"EC_013","D"
"EC_013_SIR-D3",0.311987704918033,-0.375,11,-144.291887662522,-3322.3304194028,0.0375505235672636,"EC_013","D"
"EC_013_SIR-D4",0.333333333333333,-0.363636363636363,12,-144.243894980589,-3410.12273269236,0.037234438855851,"EC_013","D"
"EC_013_SIR-D5",0.318181818181818,-0.357142857142857,12,-144.217975521926,-3421.57657604758,0.0370026480441497,"EC_013","D"
"EC_013_SIR-W1",0.333333333333333,-0.358974358974359,12,-144.291887662522,-3362.28426275802,0.0375340105112925,"EC_013","W"
"EC_013_SIR-W2",0.285714285714286,-0.451612903225806,11,-145.504443124236,-3538.40732288936,0.0353715925091334,"EC_013","W"
"EC_013_SIR-W3",0.333333333333333,-0.387096774193548,12,-144.606685431105,-3488.00732288936,0.0363182108962285,"EC_013","W"
"EC_013_SIR-W4",0.321091644204851,-0.363636363636363,12,-144.168447930335,-3448.42657604758,0.0369656346593231,"EC_013","W"
"EC_013_SIR-W5",0.32,-0.368421052631579,12,-144.378006785493,-3594.1304194028,0.0353022264358989,"EC_013","W"
"EC_014_SIR-D1",0.272727272727273,-0.347826086956522,10,-144.263810387406,-2903.92276907447,0.0423008336205421,"EC_014","D"
"EC_014_SIR-D2",0.275252525252526,-0.313846153846153,10,-144.068410288948,-2733.02278726552,0.0460816956139457,"EC_014","D"
"EC_014_SIR-D3",0.333333333333333,-0.428571428571429,12,-145.18647426176,-3496.90349772519,0.0363350257049083,"EC_014","D"
"EC_014_SIR-D4",0.333333333333333,-0.384615384615385,12,-144.623446285962,-3408.09963617891,0.0369943874547316,"EC_014","D"
"EC_014_SIR-D5",0.333333333333333,-0.410256410256411,12,-144.880552219317,-3507.6150095998,0.0360100334842931,"EC_014","D"
"EC_014_SIR-W1",0.3,-0.444444444444445,11,-144.882937055256,-3276.51504598191,0.0377223592673602,"EC_014","W"
"EC_014_SIR-W2",0.309090909090909,-0.444444444444445,11,-145.120179382366,-3346.24965436997,0.0370617138572779,"EC_014","W"
"EC_014_SIR-W3",0.291666666666667,-0.444444444444445,11,-145.183901327536,-3379.3304194028,0.0371099771435144,"EC_014","W"
"EC_014_SIR-W4",0.268292682926829,-0.486486486486487,10,-145.414446649783,-3315.19198585058,0.0370676594434043,"EC_014","W"
"EC_014_SIR-W5",0.101724137931035,-0.285714285714286,7,-143.242738859434,-2594.19202223269,0.0485707837045942,"EC_014","W"
"EC_017_SIR-D1",0.290994623655914,-0.428571428571429,11,-144.89425816626,-3581.66116624458,0.034725929412485,"EC_017","D"
"EC_017_SIR-D2",0.291666666666667,-0.461538461538462,12,-145.406862738608,-3751.92269631025,0.0336019046908393,"EC_017","D"
"EC_017_SIR-D3",0.285714285714286,-0.461538461538462,11,-145.489214957007,-3687.03806973114,0.0338586229949523,"EC_017","D"
"EC_017_SIR-D4",0.309090909090909,-0.428571428571429,12,-145.041356786761,-3815.42653966547,0.0330209822864639,"EC_017","D"
"EC_017_SIR-D5",0.285714285714286,-0.410256410256411,11.5,-144.923427897647,-3711.59961798786,0.0340060093622891,"EC_017","D"
"EC_017_SIR-W1",0.288888888888889,-0.444444444444445,12,-145.336152639044,-3629.76885295503,0.0344142236458658,"EC_017","W"
"EC_017_SIR-W2",0.319148936170213,-0.384615384615385,12,-144.755606016984,-3749.26114805353,0.0340528625155506,"EC_017","W"
"EC_017_SIR-W3",0.3125,-0.375,12,-144.449148669687,-3647.08422637592,0.034943732691956,"EC_017","W"
"EC_017_SIR-W4",0.28,-0.444444444444445,11,-145.196138453723,-3649.10732288936,0.034452497359322,"EC_017","W"
"EC_017_SIR-W5",0.297297297297297,-0.428571428571429,12,-144.98928915995,-3718.46883476397,0.0339445984128546,"EC_017","W"
"EC_018_SIR-D1",0.333333333333333,-0.453571428571429,12,-145.497555384124,-3501.11502779086,0.036138597411653,"EC_018","D"
"EC_018_SIR-D2",0.297297297297297,-0.428571428571429,12,-145.19071943649,-3733.59963617891,0.0338296705307121,"EC_018","D"
"EC_018_SIR-D3",0.318181818181818,-0.4,12,-144.681185987589,-3633.33806973114,0.0347003185269254,"EC_018","D"
"EC_018_SIR-D4",0.306122448979592,-0.413793103448276,12,-144.755606016984,-3260.74579282369,0.0381858366855137,"EC_018","D"
"EC_018_SIR-D5",0.318665377176016,-0.358974358974359,12,-144.177587076024,-3473.89193127742,0.0369850415449815,"EC_018","D"
"EC_018_SIR-W1",0.309090909090909,-0.375,12,-144.559813822878,-3451.89191308636,0.0370209785632936,"EC_018","W"
"EC_018_SIR-W2",0.333333333333333,-0.363636363636363,12,-144.16966893555,-3192.02273269236,0.0392132506385244,"EC_018","W"
"EC_018_SIR-W3",0.347826086956522,-0.342857142857143,13,-144.185505216498,-3560.03424456697,0.03615604954948,"EC_018","W"
"EC_018_SIR-W4",0.333333333333333,-0.33739837398374,12,-143.959326066517,-3549.59194946847,0.0362010103671759,"EC_018","W"
"EC_018_SIR-W5",0.352941176470588,-0.375,13,-144.450993640762,-3530.89579282369,0.0363111911053887,"EC_018","W"
"EC_021_SIR-D1",0.333333333333333,-0.56,11,-146.668775456538,-3199.90735927147,0.0381395606691219,"EC_021","D"
"EC_021_SIR-D2",0.3125,-0.56,11,-146.780046186061,-3562.59191308636,0.0328933472021209,"EC_021","D"
"EC_021_SIR-D3",0.30690737833595,-0.6,10,-146.745327909751,-3245.35349772519,0.0372307563798139,"EC_021","D"
"EC_021_SIR-D4",0.230769230769231,-0.533333333333333,10,-146.158103643773,-3038.80735927147,0.0388034425950114,"EC_021","D"
"EC_021_SIR-D5",0.225148123765635,-0.571428571428571,9,-146.532303575783,-3049.62275088341,0.0380026021518341,"EC_021","D"
"EC_021_SIR-W1",0.2,-0.615384615384615,9,-147.231852739438,-3058.41504598191,0.0380753186261751,"EC_021","W"
"EC_021_SIR-W2",0.263157894736842,-0.555555555555555,10,-146.154364521882,-3205.76888933713,0.0382138430988017,"EC_021","W"
"EC_021_SIR-W3",0.284366576819407,-0.470588235294118,10,-145.030753456709,-2975.68047397597,0.0409849851952305,"EC_021","W"
"EC_021_SIR-W4",0.227272727272727,-0.571428571428571,9,-146.616651507455,-3230.69967256102,0.0370888182934593,"EC_021","W"
"EC_021_SIR-W5",0.2,-0.631578947368421,9,-147.10511234626,-3058.41504598191,0.037110190093521,"EC_021","W"
"EC_022_SIR-D1",0.290322580645161,-0.5,11,-145.450334512339,-3485.45351591625,0.0349071504691225,"EC_022","D"
"EC_022_SIR-D3",0.28,-0.48,11,-145.679325546773,-3681.17653966547,0.0335256516576223,"EC_022","D"
"EC_022_SIR-D4",0.310344827586207,-0.422647527910686,11,-145.040134163797,-3470.96116624458,0.0359080169659885,"EC_022","D"
"EC_022_SIR-D5",0.263157894736842,-0.5,10,-145.745259712658,-3322.3304194028,0.0367432829123623,"EC_022","D"
"EC_022_SIR-W1",0.307692307692308,-0.45,12,-145.595589402977,-3702.80732288936,0.0334051354538965,"EC_022","W"
"EC_022_SIR-W2",0.292892156862746,-0.444444444444445,11,-145.273749039671,-3532.54579282369,0.0349320246141672,"EC_022","W"
"EC_022_SIR-W3",0.294117647058824,-0.48,11,-145.747969489118,-3714.53038302069,0.0330203041894197,"EC_022","W"
"EC_022_SIR-W4",0.294117647058824,-0.457142857142857,11,-145.497555384124,-3662.85347953414,0.0336311809842326,"EC_022","W"
"EC_022_SIR-W5",0.333333333333333,-0.344827586206897,12,-144.335571582383,-3496.16116624458,0.036797488152246,"EC_022","W"
"EC_023_SIR-D1",0.304347826086957,-0.380952380952381,11,-144.090753890813,-3206.78043759385,0.0387603645238386,"EC_023","D"
"EC_023_SIR-D2",0.161290322580645,-0.303846153846153,9,-142.851597998298,-2764.45355229835,0.0434054122947358,"EC_023","D"
"EC_023_SIR-D3",0.255813953488372,-0.571428571428571,10,-146.497998728542,-3524.66116624458,0.0337963103615154,"EC_023","D"
"EC_023_SIR-D4",0.294117647058824,-0.482758620689655,10,-145.196138453723,-3314.44579282369,0.0363976497120894,"EC_023","D"
"EC_023_SIR-D5",0.227272727272727,-0.547727272727273,10,-146.031358203958,-3341.39967256102,0.0359331401664401,"EC_023","D"
"EC_023_SIR-W1",0.254901960784314,-0.48,10,-145.196138453723,-3298.67653966547,0.0364043969906609,"EC_023","W"
"EC_023_SIR-W2",0.277777777777778,-0.533333333333333,10,-146.413721071207,-3484.70732288936,0.034980355658747,"EC_023","W"
"EC_023_SIR-W3",0.268292682926829,-0.521739130434782,11,-146.117197023715,-3507.6150095998,0.0347671989633828,"EC_023","W"
"EC_023_SIR-W4",0.263157894736842,-0.571428571428571,10,-146.558391448997,-3647.08422637592,0.033211342054879,"EC_023","W"
"EC_023_SIR-W5",0.234042553191489,-0.56,10,-146.166004606593,-3475.17269631025,0.0347352492877104,"EC_023","W"
"EC_024_SIR-D1",0.227272727272727,-0.666666666666667,10,-147.908890827329,-3521.36116624458,0.032964435045663,"EC_024","D"
"EC_024_SIR-D2",0.238095238095238,-0.615384615384615,10,-147.10511234626,-3431.00732288936,0.0345579317943582,"EC_024","D"
"EC_024_SIR-D3",0,-0.736842105263158,4,-149.575410598574,-2614.16894391029,0.043257188203832,"EC_024","D"
"EC_024_SIR-D4",0.244444444444444,-0.6,10,-146.973458974362,-3556.09193127741,0.0334474212627936,"EC_024","D"
"EC_024_SIR-D5",0.257142857142857,-0.592592592592593,11,-147.01172468813,-3562.59191308636,0.0338586229949523,"EC_024","D"
"EC_024_SIR-W1",0.240689655172414,-0.588235294117647,10,-146.914214957007,-3510.9150095998,0.0340659555707138,"EC_024","W"
"EC_024_SIR-W2",0.263157894736842,-0.56,11,-146.779471787057,-3515.12653966547,0.0345579317943582,"EC_024","W"
"EC_024_SIR-W3",0.272727272727273,-0.571428571428571,11,-146.888018640125,-3555.45347953414,0.0343359593279378,"EC_024","W"
"EC_024_SIR-W4",0.259259259259259,-0.571428571428571,11,-146.565215320828,-3570.47653966547,0.0336870491098064,"EC_024","W"
"EC_024_SIR-W5",0.257142857142857,-0.588235294117647,11,-146.927409539252,-3664.13038302069,0.0331390581498661,"EC_024","W"
"EC_027_SIR-D1",0.2,-0.352941176470588,8,-143.659985447157,-2602.0766488118,0.0470697944286632,"EC_027","D"
"EC_027_SIR-D2",0.213700234192037,-0.526315789473684,9,-145.991486012615,-3198.25735927147,0.0370514179193983,"EC_027","D"
"EC_027_SIR-D3",0.257142857142857,-0.555555555555555,10,-146.341522789246,-3291.53810611325,0.0364422040219518,"EC_027","D"
"EC_027_SIR-D4",0.263157894736842,-0.521739130434782,10,-145.906394980589,-3438.89194946847,0.0356199057522984,"EC_027","D"
"EC_027_SIR-D5",0.25,-0.518518518518518,10,-145.888879437691,-3313.43424456697,0.0363182108962285,"EC_027","D"
"EC_027_SIR-W1",0.241379310344828,-0.533333333333333,10,-145.930359181622,-3316.46888933713,0.0362605732298471,"EC_027","W"
"EC_027_SIR-W2",0.238095238095238,-0.533333333333333,9,-146.014270121954,-3276.51504598191,0.0364111442692325,"EC_027","W"
"EC_027_SIR-W3",0.0666666666666667,-0.5,7,-145.162486356709,-2903.92276907447,0.0422921968549168,"EC_027","W"
"EC_027_SIR-W4",0,-0.608695652173913,6,-149.124984082827,-2638.1920586148,0.0435380768166001,"EC_027","W"
"EC_027_SIR-W5",0.234042553191489,-0.583333333333333,9,-146.616651507455,-3295.21120262669,0.0363579303041589,"EC_027","W"
"EC_032_SIR-D1",0.3,-0.428571428571429,11,-145.009728010738,-3547.94194946847,0.0352274894320719,"EC_032","D"
"EC_032_SIR-D2",0.284366576819407,-0.461538461538462,11,-145.412837038091,-3719.48038302069,0.0335004184649887,"EC_032","D"
"EC_032_SIR-D3",0.310910118711136,-0.416666666666667,12,-144.95190803432,-3659.54961798786,0.0341976676550099,"EC_032","D"
"EC_032_SIR-D4",0.3,-0.428571428571429,12,-145.021339414742,-3597.96499140875,0.0350188439979034,"EC_032","D"
"EC_032_SIR-D5",0.307692307692308,-0.416666666666667,12,-144.890087952702,-3757.14577463264,0.0335673102042125,"EC_032","D"
"EC_032_SIR-W1",0.28,-0.410256410256411,11,-144.707677614918,-3496.79961798786,0.0363182108962285,"EC_032","W"
"EC_032_SIR-W2",0.3125,-0.4,12,-144.633876852145,-3564.6150095998,0.0356267364029592,"EC_032","W"
"EC_032_SIR-W3",0.290322580645161,-0.416666666666667,11,-144.894721523323,-3601.26885295503,0.0351863001387111,"EC_032","W"
"EC_032_SIR-W4",0.297297297297297,-0.428571428571429,11,-145.027956773353,-3520.08040121175,0.0357115787430299,"EC_032","W"
"EC_032_SIR-W5",0.294117647058824,-0.444444444444445,12,-145.342982599303,-3712.6073046983,0.0339445984128546,"EC_032","W"
"EC_033_SIR-D1",0.166666666666667,-0.571428571428571,8,-146.376377132262,-2979.25355229835,0.039325437523943,"EC_033","D"
"EC_033_SIR-D2",0.212617983109786,-0.526315789473684,9,-145.595589402977,-2895.13047397597,0.0419403185485617,"EC_033","D"
"EC_033_SIR-D3",0.2,-0.6,9,-146.825991866943,-3006.73814249536,0.0385570704238453,"EC_033","D"
"EC_033_SIR-D4",0.243243243243243,-0.588235294117647,10,-146.780620585066,-3306.56116624458,0.0359122201925153,"EC_033","D"
"EC_033_SIR-D5",0.222222222222222,-0.625,10,-147.388446146031,-3146.20735927147,0.0371593669387515,"EC_033","D"
"EC_033_SIR-W1",0.12,-0.689655172413793,7,-147.437107805832,-2844.3612390088,0.0397993915300511,"EC_033","W"
"EC_033_SIR-W2",0.12,-0.434782608695652,7,-144.829792824619,-2668.98437190435,0.0438957863199517,"EC_033","W"
"EC_033_SIR-W3",0.115555555555555,-0.580645161290323,7.5,-146.732921695949,-2772.97663062074,0.0403970893199734,"EC_033","W"
"EC_033_SIR-W4",0.1,-0.541958041958042,8,-146.110339598712,-2759.87278726552,0.0422822035662467,"EC_033","W"
"EC_033_SIR-W5",0.2,-0.551724137931035,9,-145.943819824055,-2993.26506417297,0.0398911734788382,"EC_033","W"
"EC_034_SIR-D1",0.28,-0.486486486486487,11,-145.780948097511,-3368.14579282369,0.0362823722721981,"EC_034","D"
"EC_034_SIR-D2",0.259259259259259,-0.526315789473684,10,-146.162265484703,-3293.56120262669,0.0370250778629415,"EC_034","D"
"EC_034_SIR-D3",0.185185185185185,-0.434782608695652,8,-144.880552219317,-3075.46120262669,0.0394391897722608,"EC_034","D"
"EC_034_SIR-D4",0.263157894736842,-0.518518518518518,10,-145.906394980589,-3385.19194946847,0.0361425351367149,"EC_034","D"
"EC_034_SIR-D5",0.131884057971014,-0.5,8,-145.488019650739,-2762.53433552224,0.0430747859973722,"EC_034","D"
"EC_034_SIR-W1",0,-0.5,6,-146.825991866943,-2787.3612390088,0.0416381830040898,"EC_034","W"
"EC_034_SIR-W2",0.118823529411764,-0.428571428571429,7,-144.130753663425,-2676.39202223269,0.0453550034826729,"EC_034","W"
"EC_034_SIR-W3",0.138095238095238,-0.424812030075189,7,-144.421313151688,-2763.54588377896,0.0435536363856397,"EC_034","W"
"EC_034_SIR-W4",0.275862068965517,-0.526315789473684,10,-146.014270121954,-3293.56120262669,0.036385614752841,"EC_034","W"
"EC_034_SIR-W5",0,-0.5,5,-147.429918421159,-2711.76510055508,0.0437618874836659,"EC_034","W"
"EC_035_SIR-D1",0.230769230769231,-0.333333333333333,9,-143.559875117263,-3006.73814249536,0.041630078120914,"EC_035","D"
"EC_035_SIR-D2",0.283018867924528,-0.421052631578948,10,-144.777457734747,-3137.0458292058,0.0390441928189635,"EC_035","D"
"EC_035_SIR-D3",0.221598877980364,-0.416666666666667,9,-144.456297932601,-2825.66508236402,0.0430549043693107,"EC_035","D"
"EC_035_SIR-D4",0.28,-0.444444444444445,10,-145.009728010738,-3229.95347953414,0.0380753186261751,"EC_035","D"
"EC_035_SIR-D5",0.0476190476190476,-0.476190476190476,6,-147.2094867877,-2571.28433552224,0.0457720036526302,"EC_035","D"
"EC_035_SIR-W1",0.272727272727273,-0.355042016806722,9,-144.284264738131,-2875.42276907446,0.0429374704704347,"EC_035","W"
"EC_035_SIR-W2",0.286924939467312,-0.434782608695652,11,-145.183901327536,-3415.98426275802,0.0363976497120894,"EC_035","W"
"EC_035_SIR-W3",0.258201058201058,-0.352941176470588,9,-144.005040092359,-2735.95355229836,0.0456538777868628,"EC_035","W"
"EC_035_SIR-W4",0.285714285714286,-0.4,10,-144.559813822878,-3044.66888933713,0.0407393525782172,"EC_035","W"
"EC_035_SIR-W5",0,-0.482758620689655,6,-147.600389244925,-2594.19202223269,0.0455137278096165,"EC_035","W"
"EC_037_SIR-D1",0.380952380952381,-0.324324324324325,13,-144.328423048025,-3429.19198585058,0.0376324982007127,"EC_037","D"
"EC_037_SIR-D2",0.364745011086475,-0.266666666666667,13,-143.601385686218,-3498.18426275803,0.0375873746439379,"EC_037","D"
"EC_037_SIR-D3",0.368421052631579,-0.25,13,-143.339351781906,-3586.24579282369,0.0366287265008337,"EC_037","D"
"EC_037_SIR-D4",0.352526926263463,-0.258064516129032,13,-143.287164561186,-3493.86885295503,0.0372779376128734,"EC_037","D"
"EC_037_SIR-D5",0.315037593984963,-0.387992831541218,12,-144.563965599068,-3495.2534977252,0.036385614752841,"EC_037","D"
"EC_037_SIR-W1",0.333333333333333,-0.358058608058608,12,-144.434184286317,-3613.73424456697,0.0356199057522984,"EC_037","W"
"EC_037_SIR-W2",0.333333333333333,-0.388888888888889,12,-144.755606016984,-3627.47653966547,0.0349526001460309,"EC_037","W"
"EC_037_SIR-W3",0.322033898305085,-0.384615384615385,12,-144.755606016984,-3593.38422637592,0.0354529359971032,"EC_037","W"
"EC_037_SIR-W4",0.333333333333333,-0.4,12,-144.829792824619,-3615.65346134308,0.0349506207183927,"EC_037","W"
"EC_037_SIR-W5",0.319574468085106,-0.4,12,-144.748038374552,-3618.3150095998,0.0352297608248542,"EC_037","W"
"EC_038_SIR-D1",0.333333333333333,-0.358974358974359,12,-144.378006785493,-3594.1304194028,0.0356487681541119,"EC_038","D"
"EC_038_SIR-D2",0.333333333333333,-0.382783882783883,12,-144.59441494307,-3559.3957928237,0.0358342011457206,"EC_038","D"
"EC_038_SIR-D3",0.36,-0.375,12,-144.506302001566,-3590.82655785653,0.0358410600823239,"EC_038","D"
"EC_038_SIR-D4",0.365853658536585,-0.307692307692307,13,-143.749985707029,-3502.49967256102,0.0371660131338653,"EC_038","D"
"EC_038_SIR-D5",0.434372436423297,-0.338095238095238,14,-144.706468533851,-3495.89194946847,0.0357115787430299,"EC_038","D"
"EC_038_SIR-W1",0.351351351351351,-0.296296296296297,13,-143.71138098175,-3568.45344315203,0.0362183515378514,"EC_038","W"
"EC_038_SIR-W2",0.3125,-0.413793103448276,12,-144.974059251734,-3484.70732288936,0.0361746348375329,"EC_038","W"
"EC_038_SIR-W3",0.356537530266344,-0.333333333333333,13,-144.304719088856,-3667.80347953414,0.0348636536614622,"EC_038","W"
"EC_038_SIR-W4",0.333333333333333,-0.358974358974359,12,-144.396993543276,-3507.6150095998,0.0367064751782685,"EC_038","W"
"EC_038_SIR-W5",0.363636363636364,-0.324324324324325,13,-143.939009304979,-3564.6150095998,0.0362605732298471,"EC_038","W"
"EC_039_SIR-D1",0.243243243243243,-0.516129032258065,10,-145.832463084569,-3356.42273269236,0.0359484743604989,"EC_039","D"
"EC_039_SIR-D2",0.238095238095238,-0.538461538461538,10,-146.225159814375,-3443.47657604758,0.0349526001460309,"EC_039","D"
"EC_039_SIR-D3",0.25,-0.526315789473684,10,-146.014270121954,-3440.54194946847,0.0352268418979805,"EC_039","D"
"EC_039_SIR-D4",0.25,-0.521739130434782,10,-145.939472393425,-3452.26500959981,0.0353511878821906,"EC_039","D"
"EC_039_SIR-D5",0.238095238095238,-0.533333333333333,10,-146.014270121954,-3345.23810611325,0.0361184054758396,"EC_039","D"
"EC_039_SIR-W1",0,-0.533333333333333,6,-147.18006399257,-2687.84586558791,0.0427737262294824,"EC_039","W"
"EC_039_SIR-W2",0.272727272727273,-0.5,11,-145.888879437691,-3448.05347953414,0.0356124050605215,"EC_039","W"
"EC_039_SIR-W3",0.125,-0.352941176470588,7,-143.198313157682,-2649.91511874613,0.0468114849466036,"EC_039","W"
"EC_039_SIR-W4",0.238095238095238,-0.538461538461538,10,-146.066848835813,-3347.26120262669,0.0359468379153267,"EC_039","W"
"EC_039_SIR-W5",0.257142857142857,-0.551724137931035,10,-146.305967435813,-3266.60732288936,0.0374417816668338,"EC_039","W"
"EC_040_SIR-D1",0,-0.4279176201373,6,-145.825277216001,-2770.04586558791,0.0436448142808893,"EC_040","D"
"EC_040_SIR-D2",0.222222222222222,-0.444444444444445,9,-144.998658395875,-3108.81504598191,0.0391544342501785,"EC_040","D"
"EC_040_SIR-D3",0.285714285714286,-0.482758620689655,11,-145.511921368016,-3471.23038302069,0.0357958826199426,"EC_040","D"
"EC_040_SIR-D4",0.245592329106094,-0.5,10,-145.509621820812,-3154.09198585058,0.0377702157610966,"EC_040","D"
"EC_040_SIR-D5",0.25,-0.533333333333333,10,-145.883369055037,-3429.19198585058,0.03563356705362,"EC_040","D"
"EC_040_SIR-W1",0.238095238095238,-0.555555555555555,10,-146.259101374577,-3451.89191308636,0.0349506207183927,"EC_040","W"
"EC_040_SIR-W2",0.259259259259259,-0.533333333333333,10,-146.014270121954,-3461.79963617891,0.0352281369661633,"EC_040","W"
"EC_040_SIR-W3",0.241379310344828,-0.55,10,-146.066848835813,-3315.19198585058,0.0364111442692325,"EC_040","W"
"EC_040_SIR-W4",0.254901960784314,-0.514285714285714,10,-145.5699594777,-3415.98426275802,0.0359194424175536,"EC_040","W"
"EC_040_SIR-W5",0.238765928906774,-0.529824561403508,10,-145.75991521416,-3316.46888933713,0.0362893920630378,"EC_040","W"
"EC_041_SIR-D1",0.238095238095238,-0.571428571428571,10,-146.565215320828,-3438.51885295503,0.0349704855747593,"EC_041","D"
"EC_041_SIR-D2",0.246376811594203,-0.615384615384615,10,-147.359443726656,-3645.06112986247,0.0327306392050382,"EC_041","D"
"EC_041_SIR-D3",0.25,-0.555555555555555,10,-146.223610481442,-3488.00732288936,0.0345217061940646,"EC_041","D"
"EC_041_SIR-D4",0.288135593220339,-0.666666666666667,10,-147.268598928708,-3591.36112986247,0.0329628463238075,"EC_041","D"
"EC_041_SIR-D5",0.25,-0.538461538461538,10,-146.192822080074,-3413.96116624458,0.0361550796818992,"EC_041","D"
"EC_041_SIR-W1",0.285714285714286,-0.551724137931035,11,-146.048446285962,-3442.46116624458,0.034504658778988,"EC_041","W"
"EC_041_SIR-W2",0.26530612244898,-0.536585365853658,10,-146.080654824332,-3454.66120262669,0.0352017864595307,"EC_041","W"
"EC_041_SIR-W3",0.214285714285714,-0.526315789473684,9,-145.636670890463,-3253.60735927147,0.0369034317561605,"EC_041","W"
"EC_041_SIR-W4",0.238095238095238,-0.555555555555555,10,-146.308917113521,-3413.96116624458,0.0353652807323826,"EC_041","W"
"EC_041_SIR-W5",0.272727272727273,-0.476190476190476,10,-145.18905380172,-3278.80735927146,0.0366728382546665,"EC_041","W"
"EC_042_SIR-D1",0.365853658536585,-0.5,13,-146.066848835813,-3795.7149732177,0.0322843513553753,"EC_042","D"
"EC_042_SIR-D2",0.333333333333333,-0.347826086956522,13,-144.415653072206,-3595.40732288936,0.0356031583077115,"EC_042","D"
"EC_042_SIR-D3",0.428571428571429,-0.380952380952381,14,-145.041356786761,-3610.43038302069,0.0342502881265066,"EC_042","D"
"EC_042_SIR-D4",0.333333333333333,-0.37037037037037,12,-144.707677614918,-3526.68426275802,0.0361746348375329,"EC_042","D"
"EC_042_SIR-D5",0.245283018867925,-0.390243902439025,10,-144.127534225608,-3289.5150095998,0.0384656625692343,"EC_042","D"
"EC_042_SIR-W1",0.377049180327869,-0.296296296296297,13,-143.76440803432,-3615.0150095998,0.0358342011457206,"EC_042","W"
"EC_042_SIR-W2",0.310344827586207,-0.389566395663957,11,-144.883003300699,-3429.35732288936,0.0369850415449815,"EC_042","W"
"EC_042_SIR-W3",0.310344827586207,-0.444444444444445,12,-145.506822525365,-3566.63810611325,0.0354558461029072,"EC_042","W"
"EC_042_SIR-W4",0.346938775510204,-0.4,12,-144.962983643027,-3518.79963617891,0.0359118553467037,"EC_042","W"
"EC_042_SIR-W5",0.291666666666667,-0.45,11,-145.517179918517,-3554.70728650725,0.0351863001387111,"EC_042","W"
"EC_044_SIR-D1",0.319148936170213,-0.4,11,-144.623446285962,-3347.26120262669,0.0376324982007127,"EC_044","D"
"EC_044_SIR-D2",0.315037593984963,-0.347826086956522,11,-144.304719088856,-3134.11506417297,0.0403466369997228,"EC_044","D"
"EC_044_SIR-D3",0.306122448979592,-0.410256410256411,12,-144.859260707981,-3472.98426275802,0.0362229039216496,"EC_044","D"
"EC_044_SIR-D4",0.304347826086957,-0.4,11,-144.923427897647,-3546.29194946847,0.0352268418979805,"EC_044","D"
"EC_044_SIR-D5",0.263157894736842,-0.428571428571429,10,-145.577933232231,-3406.07653966547,0.0370557682711514,"EC_044","D"
"EC_044_SIR-W1",0.333333333333333,-0.324324324324325,11,-143.959326066517,-3038.16890752819,0.0415977897896943,"EC_044","W"
"EC_044_SIR-W2",0,-0.142857142857143,4,-141.301831712948,-2684.27664881179,0.0478111286943509,"EC_044","W"
"EC_044_SIR-W3",0.32,-0.333333333333333,11,-143.762538473375,-3236.56120262669,0.0391154578257134,"EC_044","W"
"EC_044_SIR-W4",0.032258064516129,-0.285714285714286,7,-143.511749725014,-2649.91511874613,0.0480161159724944,"EC_044","W"
"EC_044_SIR-W5",0.125,-0.533333333333333,8,-148.809728010738,-2867.26892571924,0.0427534859059925,"EC_044","W"
"EC_051_SIR-D1",0.4,-0.25,14,-143.444363198155,-3563.33810611325,0.0357138218108157,"EC_051","D"
"EC_051_SIR-D2",0.310344827586207,-0.387096774193548,12,-144.600389244925,-3614.47657604758,0.0351863001387111,"EC_051","D"
"EC_051_SIR-D3",0.354838709677419,-0.352941176470588,13,-144.777457734747,-3511.55732288936,0.0362206277297505,"EC_051","D"
"EC_051_SIR-D4",0.368421052631579,-0.285714285714286,14,-143.85654561123,-3565.36120262669,0.0362605732298471,"EC_051","D"
"EC_051_SIR-D5",0.351351351351351,-0.25,14,-143.080041846758,-3778.66881657292,0.0345526440253086,"EC_051","D"
"EC_051_SIR-W1",0.357142857142857,-0.333333333333333,13,-144.291887662522,-3644.52269631025,0.0342502881265066,"EC_051","W"
"EC_051_SIR-W2",0.333333333333333,-0.315789473684211,13,-144.167673263868,-3705.46887114608,0.03464195762036,"EC_051","W"
"EC_051_SIR-W3",0.333333333333333,-0.285714285714286,13,-144.113927614918,-3631.68806973114,0.0343181929723003,"EC_051","W"
"EC_051_SIR-W4",0.393939393939394,-0.257237386269644,14,-143.810393813625,-3800.93805154009,0.0333232452925022,"EC_051","W"
"EC_052_SIR-D1",0.428571428571429,-0.48,14,-146.341522789246,-3656.99194946847,0.0340060093622891,"EC_052","D"
"EC_052_SIR-D2",0.333333333333333,-0.357142857142857,12,-144.559813822878,-3538.40732288936,0.0360753933306931,"EC_052","D"
"EC_052_SIR-D3",0.333333333333333,-0.384615384615385,13,-144.756965545598,-3702.80732288936,0.0345695786951976,"EC_052","D"
"EC_052_SIR-D4",0.333333333333333,-0.378378378378378,13,-144.597402093998,-3699.23424456697,0.0343036975900209,"EC_052","D"
"EC_052_SIR-D5",0.333333333333333,-0.352941176470588,13,-144.455014731565,-3726.99191308636,0.0341505471380473,"EC_052","D"
"EC_052_SIR-W1",0.333333333333333,-0.357142857142857,12,-144.58678354295,-3660.83038302069,0.0349471767051743,"EC_052","W"
"EC_052_SIR-W2",0.333333333333333,-0.333333333333333,13,-144.031558638391,-3717.45728650725,0.0344573974368035,"EC_052","W"
"EC_052_SIR-W3",0.2,-0.358974358974359,9,-144.167117093072,-2911.26896210135,0.0406227067597142,"EC_052","W"
"EC_052_SIR-W4",0.409090909090909,-0.285714285714286,13,-143.839269793973,-3476.18424456697,0.0363687276332146,"EC_052","W"
"EC_052_SIR-W5",0.333333333333333,-0.296296296296297,13,-143.667434972436,-3626.19963617891,0.0356492496061453,"EC_052","W"
"EC_053_SIR-D1",0.304347826086957,-0.454545454545454,12,-145.402901848679,-3669.99191308636,0.0338586229949523,"EC_053","D"
"EC_053_SIR-D2",0.28,-0.487804878048781,11,-145.827477588715,-3590.45346134308,0.0343175833624474,"EC_053","D"
"EC_053_SIR-D3",0.357142857142857,-0.375,12,-144.441522789246,-3418.64581101475,0.0369372481433815,"EC_053","D"
"EC_053_SIR-D4",0.333333333333333,-0.390243902439025,12,-144.663446058574,-3714.53038302069,0.033749045905313,"EC_053","D"
"EC_053_SIR-D5",0.315789473684211,-0.347826086956522,11,-143.761042824619,-3316.46888933713,0.0378559735768299,"EC_053","D"
"EC_053_SIR-W1",0.290322580645161,-0.48,11,-145.642789371436,-3725.34191308636,0.0330238311674851,"EC_053","W"
"EC_053_SIR-W2",0.304347826086957,-0.421052631578948,11,-145.024820212188,-3530.52269631025,0.0353041076829979,"EC_053","W"
"EC_053_SIR-W3",0.3125,-0.444444444444445,12,-145.196138453723,-3687.03806973114,0.0336010622590833,"EC_053","W"
"EC_053_SIR-W4",0.310344827586207,-0.470588235294118,12,-145.548852480413,-3704.08422637592,0.0334051354538965,"EC_053","W"
"EC_053_SIR-W5",0.333333333333333,-0.4,12,-144.623446285962,-3488.00732288936,0.0359484743604988,"EC_053","W"
"EC_056_SIR-D1",0.317073170731707,-0.428571428571429,13,-145.201151455762,-3803.33424456697,0.0329636406847353,"EC_056","D"
"EC_056_SIR-D2",0.347826086956522,-0.416666666666667,13,-145.183057387799,-3595.40732288936,0.0352880754529157,"EC_056","D"
"EC_056_SIR-D3",0.3125,-0.518518518518518,12,-146.014270121954,-3774.83038302069,0.0323549744694659,"EC_056","D"
"EC_056_SIR-D4",0.318181818181818,-0.5,12,-145.788578627269,-3755.76112986247,0.032964435045663,"EC_056","D"
"EC_056_SIR-D5",0.333333333333333,-0.387096774193548,13,-144.732600383992,-3786.55344315203,0.0333648728698426,"EC_056","D"
"EC_056_SIR-W1",0.368421052631579,-0.333333333333333,13,-143.90853270447,-3639.94579282369,0.0352834155120231,"EC_056","W"
"EC_056_SIR-W2",0.346938775510204,-0.411764705882353,14,-145.189391166102,-3934.54573825053,0.0316105137504187,"EC_056","W"
"EC_056_SIR-W3",0.347826086956522,-0.352941176470588,13,-144.177085821251,-3704.08422637592,0.0343721340502953,"EC_056","W"
"EC_056_SIR-W4",0.32,-0.466666666666667,12,-145.591023151922,-3809.46112986247,0.0326622175323557,"EC_056","W"
"EC_056_SIR-W5",0.217391304347826,-0.428571428571429,9,-144.675509210304,-3319.0304194028,0.0371929394831955,"EC_056","W"
"EC_057_SIR-D1",0.310344827586207,-0.4375,12,-145.359764787369,-3662.85347953414,0.033999284594491,"EC_057","D"
"EC_057_SIR-D2",0.285714285714286,-0.461538461538462,11,-145.196138453723,-3438.89194946847,0.0361570194170607,"EC_057","D"
"EC_057_SIR-D3",0.304347826086957,-0.461538461538462,11,-145.202548376964,-3601.26885295503,0.03464195762036,"EC_057","D"
"EC_057_SIR-D4",0.278233151183971,-0.461538461538462,11,-145.469774734673,-3420.83424456697,0.0368625688724792,"EC_057","D"
"EC_057_SIR-D5",0.351351351351351,-0.384615384615385,13,-144.641920226858,-3803.5995997968,0.0335835155895054,"EC_057","D"
"EC_057_SIR-W1",0.351351351351351,-0.333333333333333,13,-144.194299536397,-3672.0150095998,0.0350573323370597,"EC_057","W"
"EC_057_SIR-W2",0.304347826086957,-0.461538461538462,12,-145.45959176107,-3704.08422637592,0.0335256516576223,"EC_057","W"
"EC_057_SIR-W3",0.333333333333333,-0.430501930501931,12,-145.180405005769,-3520.08040121175,0.0353867890521957,"EC_057","W"
"EC_057_SIR-W4",0.346938775510204,-0.37037037037037,12,-144.441522789246,-3438.89194946847,0.037484723842048,"EC_057","W"
"EC_057_SIR-W5",0.301956441491326,-0.454545454545454,12,-145.20511234626,-3627.47653966547,0.0343220735555113,"EC_057","W"
"EC_063_SIR-D1",0.311475409836066,-0.4,12,-144.663446058574,-3525.40735927147,0.0361570194170607,"EC_063","D"
"EC_063_SIR-D2",0.35,-0.363636363636363,13,-144.559813822878,-3733.59963617891,0.0343201251522997,"EC_063","D"
"EC_063_SIR-D3",0.342465753424658,-0.3,13,-143.824873049334,-3649.10732288936,0.0355266803548582,"EC_063","D"
"EC_063_SIR-D4",0.310344827586207,-0.4,12,-145.044887805659,-3540.69577463264,0.0356267364029592,"EC_063","D"
"EC_063_SIR-D5",0.142857142857143,-0.3,8,-143.422722831679,-2752.73049216702,0.0442950166674239,"EC_063","D"
"EC_063_SIR-W1",0.384615384615385,-0.272727272727272,13,-143.511749725014,-3565.62655785653,0.0368183980950813,"EC_063","W"
"EC_063_SIR-W2",0.346938775510204,-0.333333333333333,12,-144.291887662522,-3355.78428094908,0.0383573874009571,"EC_063","W"
"EC_063_SIR-W3",0.340136054421769,-0.333333333333333,12,-143.959326066517,-3105.61506417297,0.0397865376731443,"EC_063","W"
"EC_063_SIR-W4",0.357142857142857,-0.32,13,-144.050754118201,-3621.6150095998,0.0356537003154193,"EC_063","W"
"EC_063_SIR-W5",0.364745011086475,-0.260869565217392,13,-143.287164561186,-3558.75347953414,0.036650193797791,"EC_063","W"
"EC_064_SIR-D1",0.285714285714286,-0.432432432432432,10,-144.829792824619,-3114.13814249536,0.0395809082919114,"EC_064","D"
"EC_064_SIR-D2",0.3,-0.428571428571429,11,-144.923427897647,-3129.90739565358,0.0391137229277462,"EC_064","D"
"EC_064_SIR-D3",0.28,-0.48,11,-145.636670890463,-3412.68426275802,0.0359999216829285,"EC_064","D"
"EC_064_SIR-D4",0.297297297297297,-0.461538461538462,11,-145.450334512339,-3555.45347953414,0.0349677427744868,"EC_064","D"
"EC_064_SIR-D5",0.279344262295082,-0.5,11,-145.798636551613,-3541.70732288936,0.0347003185269254,"EC_064","D"
"EC_064_SIR-W1",0.294117647058824,-0.476190476190476,11,-145.6148191727,-3555.45347953414,0.0349320246141672,"EC_064","W"
"EC_064_SIR-W2",0.268292682926829,-0.384615384615385,10,-143.511749725014,-3196.60735927147,0.0399703118691896,"EC_064","W"
"EC_064_SIR-W3",0.294117647058824,-0.470588235294118,11,-145.662164561186,-3462.81118443564,0.0356637815970142,"EC_064","W"
"EC_064_SIR-W4",0.304347826086957,-0.454545454545454,11,-145.450334512339,-3438.89194946847,0.0359484743604988,"EC_064","W"
"EC_064_SIR-W5",0.301956441491326,-0.461538461538462,11,-145.497555384124,-3454.92655785653,0.0358375880331727,"EC_064","W"
"EC_065_SIR-D1",0.294117647058824,-0.476190476190476,12,-145.760789335599,-3763.64575644158,0.0328694788367578,"EC_065","D"
"EC_065_SIR-D2",0.297771455666192,-0.466666666666667,11,-145.547809395974,-3687.78426275802,0.0335481727134534,"EC_065","D"
"EC_065_SIR-D3",0.302325581395349,-0.461538461538462,12,-145.577933232231,-3809.46112986247,0.0325770217881834,"EC_065","D"
"EC_065_SIR-D4",0.282051282051282,-0.461538461538462,11,-145.547255257366,-3639.57269631025,0.0339864719121521,"EC_065","D"
"EC_065_SIR-D5",0.28,-0.461538461538462,11,-145.342982599303,-3415.98426275802,0.0361746348375329,"EC_065","D"
"EC_065_SIR-W1",0.285714285714286,-0.5,11,-145.862059579027,-3756.50732288936,0.0325334243722365,"EC_065","W"
"EC_065_SIR-W2",0.315789473684211,-0.5,12,-145.662164561186,-3555.45347953414,0.0344920937290977,"EC_065","W"
"EC_065_SIR-W3",0.287301587301588,-0.473684210526316,11,-145.380094565476,-3424.13424456697,0.0360225491196565,"EC_065","W"
"EC_065_SIR-W4",0.285714285714286,-0.5,11,-145.912003663425,-3709.94575644158,0.0329628463238075,"EC_065","W"
"EC_065_SIR-W5",0.272727272727273,-0.512820512820513,11,-146.014270121954,-3734.87653966547,0.0329212087972592,"EC_065","W"
"EC_066_SIR-D1",0.365853658536585,-0.275862068965517,13,-143.997421088052,-3477.56888933713,0.0371937904586834,"EC_066","D"
"EC_066_SIR-D2",0.315789473684211,-0.184659090909091,13,-142.968223671089,-3453.00734108041,0.0371660131338653,"EC_066","D"
"EC_066_SIR-D3",0.333333333333333,-0.380952380952381,12,-145.169216776112,-3539.68422637592,0.0346114915951717,"EC_066","D"
"EC_066_SIR-D4",0.375,-0.29520697167756,13,-143.840709330282,-3623.90732288936,0.0344939641718355,"EC_066","D"
"EC_066_SIR-D5",0.32,-0.3,13,-144.168229434665,-3606.59194946847,0.035833309800703,"EC_066","D"
"EC_066_SIR-W1",0.34375,-0.294117647058823,13,-144.01310727339,-3738.17653966547,0.0338100759081171,"EC_066","W"
"EC_066_SIR-W2",0.333333333333333,-0.260869565217392,13,-143.674884497714,-3685.76116624458,0.0350075937676009,"EC_066","W"
"EC_066_SIR-W3",0.324471830985915,-0.285714285714286,13,-143.864931589492,-3609.41883476397,0.0347900285063858,"EC_066","W"
"EC_066_SIR-W4",0.352941176470588,-0.214285714285714,14,-142.907164561187,-3766.30730469831,0.0348242727270202,"EC_066","W"
"EC_066_SIR-W5",0.351351351351351,-0.266666666666667,14,-143.47806195044,-3802.32269631025,0.0344191355317781,"EC_066","W"
"EC_068_SIR-D1",0.333333333333333,-0.375,12,-144.706468533851,-3540.69577463264,0.0360753933306931,"EC_068","D"
"EC_068_SIR-D2",0.333333333333333,-0.363636363636363,12,-144.623446285962,-3595.40732288936,0.0358342011457206,"EC_068","D"
"EC_068_SIR-D3",0.333333333333333,-0.388888888888889,12,-144.859260707981,-3585.87269631025,0.0355605223013666,"EC_068","D"
"EC_068_SIR-D4",0.333333333333333,-0.363636363636363,12,-144.706468533851,-3558.11502779086,0.0359122201925153,"EC_068","D"
"EC_068_SIR-D5",0.35,-0.363636363636363,12,-144.559813822878,-3512.93810611325,0.0363764728397704,"EC_068","D"
"EC_068_SIR-W1",0.25,-0.307692307692307,9,-143.848801264697,-2762.80355229835,0.0427534859059925,"EC_068","W"
"EC_068_SIR-W2",0.333333333333333,-0.347826086956522,12,-144.487523607843,-3509.63810611325,0.0366188029391281,"EC_068","W"
"EC_068_SIR-W3",0.375,-0.296296296296297,13,-143.939450403107,-3618.3150095998,0.0349320246141672,"EC_068","W"
"EC_068_SIR-W4",0.333333333333333,-0.375,12,-144.559813822878,-3593.38422637592,0.0356478116042655,"EC_068","W"
"EC_068_SIR-W5",0.28,-0.482758620689655,11,-145.636670890463,-3595.40732288936,0.0343757184551585,"EC_068","W"
"EC_069_SIR-D1",0.318181818181818,-0.454545454545454,12,-145.665903683076,-3603.93040121175,0.0349939747131739,"EC_069","D"
"EC_069_SIR-D2",0.279344262295082,-0.602325581395349,11,-146.874450283492,-3581.93038302069,0.0339445984128546,"EC_069","D"
"EC_069_SIR-D3",0.333333333333333,-0.48,13,-145.759041092722,-3774.83038302069,0.0325926685113908,"EC_069","D"
"EC_069_SIR-D4",0.238095238095238,-0.585365853658536,10,-147.10511234626,-3377.30732288936,0.0348952639814505,"EC_069","D"
"EC_069_SIR-D5",0.309090909090909,-0.473684210526316,12,-145.822492092861,-3727.73810611325,0.0337345050302161,"EC_069","D"
"EC_069_SIR-W1",0.272727272727273,-0.5,9,-145.562484082827,-3136.29963617891,0.0376778480820183,"EC_069","W"
"EC_069_SIR-W2",0.275862068965517,-0.555555555555555,11,-146.491592999178,-3587.52269631025,0.0336604940960574,"EC_069","W"
"EC_069_SIR-W3",0.263157894736842,-0.5,10,-146.396445352632,-3131.45351591625,0.0371702895927976,"EC_069","W"
"EC_069_SIR-W4",0.333333333333333,-0.476190476190476,12,-145.832463084569,-3595.40732288936,0.0347152387372687,"EC_069","W"
"EC_069_SIR-W5",0.244444444444444,-0.583333333333333,10,-146.703223105726,-3428.98422637592,0.034713270940494,"EC_069","W"
"EC_070_SIR-D2",0.307692307692308,-0.375,12,-144.441522789246,-3413.96116624458,0.0371099771435144,"EC_070","D"
"EC_070_SIR-D3",0.333333333333333,-0.342857142857143,13,-144.328423048025,-3573.2458292058,0.0359122201925153,"EC_070","D"
"EC_070_SIR-D4",0.358490566037736,-0.333333333333333,13,-144.092044206058,-3450.07657604758,0.0374671689924576,"EC_070","D"
"EC_070_SIR-D5",0.333333333333333,-0.307692307692307,13,-143.634250723466,-3442.19194946847,0.0377223592673602,"EC_070","D"
"EC_070_SIR-W1",0.333333333333333,-0.388888888888889,12,-144.786926812445,-3594.39577463264,0.0356267364029592,"EC_070","W"
"EC_070_SIR-W2",0.333333333333333,-0.344827586206897,13,-144.277849024964,-3549.96504598191,0.0363916322324652,"EC_070","W"
"EC_070_SIR-W3",0.304347826086957,-0.48,11,-145.517179918517,-3566.63810611325,0.0350749957269297,"EC_070","W"
"EC_070_SIR-W4",0.333333333333333,-0.315789473684211,12,-143.881444137765,-3450.07657604758,0.0371937904586834,"EC_070","W"
"EC_070_SIR-W5",0.333333333333333,-0.32258064516129,12,-143.959326066517,-3446.03038302069,0.0370209785632936,"EC_070","W"
"EC_071_SIR-D1",0.287301587301588,-0.555555555555555,11,-146.703223105726,-3614.64191308636,0.0342676854581831,"EC_071","D"
"EC_071_SIR-D2",0.333333333333333,-0.534959349593495,12,-145.405478813211,-3624.17653966547,0.0335734730853154,"EC_071","D"
"EC_071_SIR-D3",0.32,-0.413793103448276,12,-145.18905380172,-3595.40732288936,0.0348265768582889,"EC_071","D"
"EC_071_SIR-D4",0.230769230769231,-0.518518518518518,9,-146.150974084463,-3106.89196765953,0.0377837760383204,"EC_071","D"
"EC_071_SIR-D5",0.214285714285714,-0.428571428571429,9,-145.187164561186,-3012.59967256102,0.0391137229277462,"EC_071","D"
"EC_071_SIR-W1",0.3,-0.526315789473684,12,-146.048446285962,-3594.66112986247,0.0336643323689974,"EC_071","W"
"EC_071_SIR-W2",0.315789473684211,-0.521739130434782,12,-146.066848835813,-3640.21114805352,0.0332592886629586,"EC_071","W"
"EC_071_SIR-W3",0.294117647058824,-0.5,11,-145.930359181622,-3647.08422637592,0.0343081877830848,"EC_071","W"
"EC_071_SIR-W4",0.294117647058824,-0.48,11,-145.842434076277,-3687.03806973114,0.0337963103615154,"EC_071","W"
"EC_071_SIR-W5",0.354838709677419,-0.444444444444445,13,-145.445135048402,-3633.33806973114,0.0331804735818481,"EC_071","W"
"EC_072_SIR-D1",0.357142857142857,-0.521739130434782,12,-146.491592999178,-3656.24575644158,0.0324998726127737,"EC_072","D"
"EC_072_SIR-D2",0.309090909090909,-0.428571428571429,11,-145.196138453723,-3486.7304194028,0.0364111442692325,"EC_072","D"
"EC_072_SIR-D3",0.3,-0.444444444444445,11,-145.190285915112,-3385.19194946847,0.0376324982007127,"EC_072","D"
"EC_072_SIR-D4",0.25,-0.521739130434782,10,-146.206771690949,-3376.0304194028,0.0361759632727863,"EC_072","D"
"EC_072_SIR-W1",0.297297297297297,-0.461538461538462,11,-145.497555384124,-3450.61500959981,0.0363969762698116,"EC_072","W"
"EC_072_SIR-W2",0.255813953488372,-0.482758620689655,10,-146.066848835813,-3291.53810611325,0.0382071166208919,"EC_072","W"
"EC_072_SIR-W3",0.238095238095238,-0.538461538461538,10,-146.193903308839,-3430.36887114608,0.0352281369661633,"EC_072","W"
"EC_072_SIR-W4",0.208424747696358,-0.5,9,-145.716767697142,-2921.23814249535,0.0403006150120249,"EC_072","W"
"EC_073_SIR-D1",0.304347826086957,-0.375,12,-144.441522789246,-3529.88424456697,0.0363473418679994,"EC_073","D"
"EC_073_SIR-D2",0.333333333333333,-0.333333333333333,12,-143.959326066517,-3573.77653966547,0.0356537003154193,"EC_073","D"
"EC_073_SIR-D3",0.333333333333333,-0.357142857142857,12,-144.304719088856,-3566.63810611325,0.0357584554391822,"EC_073","D"
"EC_073_SIR-D4",0.321428571428571,-0.4,12,-144.96034049827,-3619.06120262669,0.034943732691956,"EC_073","D"
"EC_073_SIR-D5",0.333333333333333,-0.342857142857143,12,-144.142642840698,-3554.17657604758,0.0361730079600458,"EC_073","D"
"EC_073_SIR-W1",0.333333333333333,-0.307692307692307,12,-144.099435456873,-3604.56885295503,0.0359045434310848,"EC_073","W"
"EC_073_SIR-W2",0.333333333333333,-0.33739837398374,13,-144.241651507455,-3587.52269631025,0.0356738628786092,"EC_073","W"
"EC_073_SIR-W3",0.333333333333333,-0.285714285714286,13,-143.511749725014,-3618.3150095998,0.0358539699797477,"EC_073","W"
"EC_073_SIR-W4",0.358490566037736,-0.315789473684211,13,-143.943295076926,-3461.79963617891,0.0370617138572779,"EC_073","W"
"EC_073_SIR-W5",0.333333333333333,-0.296296296296297,13,-143.810393813625,-3694.92269631025,0.0350833207700313,"EC_073","W"
"EC_074_SIR-D1",0.333333333333333,-0.4,13,-144.92748499238,-3746.3303830207,0.0338586229949523,"EC_074","D"
"EC_074_SIR-D2",0.302325581395349,-0.444444444444445,11,-145.196138453723,-3470.96116624458,0.0356537003154193,"EC_074","D"
"EC_074_SIR-D3",0.307692307692308,-0.387096774193548,12,-144.644307418329,-3557.47657604758,0.0356761678253541,"EC_074","D"
"EC_074_SIR-D4",0.266666666666667,-0.5,11,-145.622292369843,-3602.54575644158,0.0339445984128546,"EC_074","D"
"EC_074_SIR-D5",0.291666666666667,-0.45,12,-145.386249043489,-3610.43038302069,0.0347164142052953,"EC_074","D"
"EC_074_SIR-W1",0.321731234866828,-0.368421052631579,12,-144.384416708734,-3560.03424456697,0.0358342011457206,"EC_074","W"
"EC_074_SIR-W2",0.263157894736842,-0.4,10,-144.325428071634,-3221.53814249536,0.0388177744788957,"EC_074","W"
"EC_074_SIR-W3",0.304347826086957,-0.428571428571429,12,-145.119335442629,-3659.17652147442,0.0343569356753281,"EC_074","W"
"EC_074_SIR-W4",0.309090909090909,-0.428571428571429,12,-145.187164561186,-3694.92269631025,0.0339445984128546,"EC_074","W"
"EC_074_SIR-W5",0.304347826086957,-0.422647527910686,12,-144.869906463649,-3614.26881657292,0.0347164142052953,"EC_074","W"
"EC_075_SIR-D1",0.35,-0.157894736842105,14,-142.467268989312,-3730.02655785652,0.0355112891643457,"EC_075","D"
"EC_075_SIR-D2",0.358490566037736,-0.228571428571429,13,-143.080041846758,-3641.96888933713,0.036351840513588,"EC_075","D"
"EC_075_SIR-D3",0.363636363636364,-0.277777777777778,14,-143.749985707029,-3648.09577463264,0.0357841887966101,"EC_075","D"
"EC_075_SIR-D4",0.375,-0.285714285714286,14,-143.947580848873,-3616.39965436997,0.0359480007202116,"EC_075","D"
"EC_075_SIR-D5",0.368421052631579,-0.25,14,-143.183976783211,-3647.08422637592,0.0360531851694334,"EC_075","D"
"EC_075_SIR-W1",0.384615384615385,-0.24,14,-143.191093767262,-3687.41116624458,0.0357115787430299,"EC_075","W"
"EC_075_SIR-W2",0.391304347826087,-0.153846153846154,14,-142.164238742047,-3740.73806973114,0.0350613867284638,"EC_075","W"
"EC_075_SIR-W3",0.352941176470588,-0.222222222222222,13,-142.741743449033,-3611.17657604758,0.0365430549594763,"EC_075","W"
"EC_075_SIR-W4",0.377049180327869,-0.222222222222222,14,-142.741743449033,-3749.8995997968,0.0353779042858842,"EC_075","W"
"EC_075_SIR-W5",0.391304347826087,-0.25,14,-143.277193569478,-3868.48422637592,0.0338648251545121,"EC_075","W"
"EC_076_SIR-D1",0.36,-0.55,12,-146.588562144903,-3652.94575644158,0.0326159767978333,"EC_076","D"
"EC_076_SIR-D2",0.263157894736842,-0.48,10,-145.622292369843,-3484.70732288936,0.0352268418979805,"EC_076","D"
"EC_076_SIR-D3",0.266666666666667,-0.482758620689655,10,-145.509621820812,-3250.03814249535,0.037131348943576,"EC_076","D"
"EC_076_SIR-D4",0.409090909090909,-0.526315789473684,13,-146.468787715415,-3553.43038302069,0.0333862057247272,"EC_076","D"
"EC_076_SIR-D5",0.259259259259259,-0.5,10,-145.64890785241,-3299.42273269236,0.0367800906464561,"EC_076","D"
"EC_076_SIR-W1",0.268292682926829,-0.518518518518518,10,-145.763935857103,-3335.54200404163,0.0364111442692325,"EC_076","W"
"EC_076_SIR-W2",0.263157894736842,-0.470588235294118,10,-145.402901848679,-3408.47273269235,0.0361759632727863,"EC_076","W"
"EC_076_SIR-W3",0.241379310344828,-0.444444444444445,9,-145.026700815511,-2923.53045578491,0.0412413555072663,"EC_076","W"
"EC_076_SIR-W4",0.387755102040816,-0.5,13,-145.81771596114,-3547.56885295503,0.0341043057865954,"EC_076","W"
"EC_076_SIR-W5",0.284366576819407,-0.428571428571429,10,-144.72407417352,-3114.13814249536,0.0388984014917318,"EC_076","W"
"EC_078_SIR-D1",0.219512195121951,-0.6,9,-146.799676523454,-3331.49194946847,0.0353652807323826,"EC_078","D"
"EC_078_SIR-D2",0.25,-0.564102564102564,10,-146.703223105726,-3493.86885295503,0.0348952639814505,"EC_078","D"
"EC_078_SIR-D3",0.230769230769231,-0.583333333333333,10,-146.565215320828,-3431.00732288936,0.0348952639814505,"EC_078","D"
"EC_078_SIR-D4",0.25,-0.538461538461538,10,-146.014270121954,-3317.00732288936,0.0361550796818991,"EC_078","D"
"EC_078_SIR-D5",0.25,-0.6,10,-146.860881926858,-3410.39194946847,0.0359339583890262,"EC_078","D"
"EC_078_SIR-W1",0.2,-0.52012882447665,9,-146.468787715414,-2997.20351591625,0.0389450637478027,"EC_078","W"
"EC_078_SIR-W2",0.272727272727273,-0.5,10,-145.832463084569,-3346.5150095998,0.0363976497120894,"EC_078","W"
"EC_078_SIR-W3",0.28,-0.5,11,-146.014270121954,-3470.96116624458,0.035276023616326,"EC_078","W"
"EC_078_SIR-W4",0.238095238095238,-0.5,9,-145.669642804967,-3091.23045578491,0.0384551251127718,"EC_078","W"
"EC_078_SIR-W5",0.28,-0.56,11,-146.627868873126,-3575.69961798786,0.0341043327127138,"EC_078","W"
"EC_080_SIR-D1",0.333333333333333,-0.363636363636363,11,-144.092044206058,-3137.0458292058,0.039208505019713,"EC_080","D"
"EC_080_SIR-D2",0.317073170731707,-0.4,12,-144.95190803432,-3439.43038302069,0.035648768154112,"EC_080","D"
"EC_080_SIR-D3",0.333333333333333,-0.375,12,-144.559813822878,-3593.75732288936,0.0355088938121928,"EC_080","D"
"EC_080_SIR-D4",0.3,-0.4,11,-144.755606016984,-3402.23810611325,0.0367800906464561,"EC_080","D"
"EC_080_SIR-D5",0.307692307692308,-0.416666666666667,11,-144.95190803432,-3435.32273269236,0.0363182108962285,"EC_080","D"
"EC_080_SIR-W1",0.302325581395349,-0.410256410256411,11,-144.755606016984,-3474.79959979681,0.0361550796818992,"EC_080","W"
"EC_080_SIR-W2",0.301956441491326,-0.421052631578948,11,-144.95948481047,-3546.93040121175,0.0353511878821906,"EC_080","W"
"EC_080_SIR-W3",0.294117647058824,-0.451612903225806,11,-145.540934339939,-3563.97655785652,0.0350770196944342,"EC_080","W"
"EC_080_SIR-W4",0.298245614035088,-0.4,11,-144.755606016984,-3461.05344315203,0.0364111442692325,"EC_080","W"
"EC_080_SIR-W5",0.285714285714286,-0.384615384615385,10,-144.623446285962,-3114.13814249536,0.0389859946040504,"EC_080","W"
"EC_081_SIR-D1",0.3,-0.482758620689655,11,-145.196138453723,-3384.92659423863,0.0361759632727863,"EC_081","D"
"EC_081_SIR-D2",0.259259259259259,-0.555555555555555,11,-146.517735763941,-3711.59961798786,0.032890836929782,"EC_081","D"
"EC_081_SIR-D3",0.255813953488372,-0.555555555555555,11,-146.621138453723,-3803.5995997968,0.031816468583323,"EC_081","D"
"EC_081_SIR-D4",0.268292682926829,-0.533333333333333,11,-146.25848182658,-3763.64575644158,0.0325334243722365,"EC_081","D"
"EC_081_SIR-D5",0.344262295081967,-0.571428571428571,12,-147.10511234626,-3840.89189489531,0.031258394833616,"EC_081","D"
"EC_081_SIR-W1",0.25,-0.571428571428571,10,-146.740317058806,-3721.13038302069,0.0326014964575348,"EC_081","W"
"EC_081_SIR-W2",0.28,-0.538461538461538,11,-146.323575004171,-3786.55344315203,0.0322881269537103,"EC_081","W"
"EC_081_SIR-W3",0.236363636363636,-0.56,10,-146.703223105726,-3523.38426275802,0.0344920937290977,"EC_081","W"
"EC_081_SIR-W4",0.294117647058824,-0.555555555555555,11,-146.870704554645,-3470.96116624458,0.0340397694603875,"EC_081","W"
"EC_081_SIR-W5",0.277777777777778,-0.56,11,-146.517735763941,-3669.99191308636,0.0333648728698426,"EC_081","W"
"EC_082_SIR-D1",0.301587301587302,-0.486486486486487,12,-145.895177614918,-3846.21885295503,0.032228898260626,"EC_082","D"
"EC_082_SIR-D2",0.309090909090909,-0.4,12,-144.766256772998,-3518.79963617891,0.035833309800703,"EC_082","D"
"EC_082_SIR-D3",0.310344827586207,-0.428571428571429,12,-144.926705762849,-3557.10347953414,0.0353021174862516,"EC_082","D"
"EC_082_SIR-D4",0.32,-0.444444444444445,12,-145.595589402977,-3662.85347953414,0.0345217061940646,"EC_082","D"
"EC_082_SIR-D5",0.307692307692308,-0.4,12,-144.90306195044,-3603.93040121175,0.0348419837487991,"EC_082","D"
"EC_082_SIR-W1",0.284648187633262,-0.5,11,-146.292537665082,-3749.8995997968,0.0325334243722365,"EC_082","W"
"EC_082_SIR-W2",0.297297297297297,-0.451612903225806,11,-145.411346656894,-3569.19963617891,0.0355368599708394,"EC_082","W"
"EC_082_SIR-W3",0.3,-0.434782608695652,11,-145.183901327536,-3415.98426275802,0.0363182108962285,"EC_082","W"
"EC_082_SIR-W4",0.285714285714286,-0.444444444444445,11,-145.411346656894,-3635.36116624458,0.0348023809633512,"EC_082","W"
"EC_082_SIR-W5",0.294117647058824,-0.484848484848484,12,-145.931423160537,-3810.47267811919,0.0323573927469181,"EC_082","W"
"EC_084_SIR-D1",0.236363636363636,-0.617216117216117,11,-147.10511234626,-3830.71881657292,0.0309282088644988,"EC_084","D"
"EC_084_SIR-D2",0.285714285714286,-0.583333333333333,10,-146.292292299877,-3499.09193127741,0.033999284594491,"EC_084","D"
"EC_084_SIR-D3",0.25,-0.615384615384615,10,-147.10511234626,-3805.25346134308,0.031558807969506,"EC_084","D"
"EC_084_SIR-D4",0.297771455666192,-0.521739130434782,11,-145.735149642636,-3468.67271450131,0.034943732691956,"EC_084","D"
"EC_084_SIR-D5",0.185185185185185,-0.5625,8,-146.441121427117,-3248.28426275802,0.0359122201925153,"EC_084","D"
"EC_084_SIR-W1",0.27027027027027,-0.592592592592593,10,-146.491592999178,-3612.99191308636,0.0328329861493474,"EC_084","W"
"EC_084_SIR-W2",0.272727272727273,-0.571428571428571,10,-145.883369055037,-3525.40735927147,0.033749045905313,"EC_084","W"
"EC_084_SIR-W3",0.282051282051282,-0.571428571428571,10,-146.341522789246,-3496.43038302069,0.0340695375611922,"EC_084","W"
"EC_084_SIR-W4",0.384615384615385,-0.593593593593594,12,-146.927409539252,-3701.42267811919,0.0314304398293296,"EC_084","W"
"EC_084_SIR-W5",0.25,-0.608695652173913,10,-147.162581674341,-3660.45728650725,0.0330425034783257,"EC_084","W"
"EC_085_SIR-D1",0.227272727272727,-0.5625,10,-146.43295084093,-3672.0150095998,0.0328691545695345,"EC_085","D"
"EC_085_SIR-D2",0.255813953488372,-0.555555555555555,11,-146.437036134024,-3611.71114805353,0.0336027471225954,"EC_085","D"
"EC_085_SIR-D3",0.241379310344828,-0.594594594594595,10,-147.10511234626,-3737.43806973114,0.0322109430431851,"EC_085","D"
"EC_085_SIR-D4",0.244444444444444,-0.588235294117647,11,-146.723317567753,-3825.49573825053,0.0314304398293296,"EC_085","D"
"EC_085_SIR-D5",0.263157894736842,-0.551724137931035,11,-146.305967435813,-3717.83038302069,0.0327979881849,"EC_085","D"
"EC_085_SIR-W1",0.259259259259259,-0.6,11,-147.193830621484,-3679.15344315203,0.0324998726127737,"EC_085","W"
"EC_085_SIR-W2",0.24,-0.602325581395349,11,-147.10511234626,-3855.27650328336,0.0309809138213606,"EC_085","W"
"EC_085_SIR-W3",0.239047619047619,-0.588235294117647,10,-146.732460547906,-3726.99191308636,0.0320436917402285,"EC_085","W"
"EC_085_SIR-W4",0.2,-0.516129032258065,9,-145.906394980589,-3174.97657604758,0.0377223592673602,"EC_085","W"
"EC_085_SIR-W5",0.245283018867925,-0.592592592592593,10,-146.565215320828,-3545.17652147442,0.0340343761334651,"EC_085","W"
"EC_088_SIR-D1",0.416666666666667,-0.5,14,-147.247061586619,-3425.14579282369,0.0361425351367149,"EC_088","D"
"EC_088_SIR-D2",0.294117647058824,-0.410256410256411,11,-144.732600383992,-3331.86504598192,0.0371099771435144,"EC_088","D"
"EC_088_SIR-D3",0.416666666666667,-0.285714285714286,13,-143.683493516975,-3377.04196765952,0.0385583067087844,"EC_088","D"
"EC_088_SIR-D4",0.411764705882353,-0.272727272727272,13,-143.620939659488,-3213.65351591625,0.039940945705343,"EC_088","D"
"EC_088_SIR-D5",0.320377358490566,-0.310096153846154,11,-143.667434972436,-3087.28814249535,0.041246353364977,"EC_088","D"
"EC_088_SIR-W1",0.358490566037736,-0.307692307692307,12,-143.997421088052,-3469.68426275802,0.0370560538140651,"EC_088","W"
"EC_088_SIR-W2",0.418768328445748,-0.24,13,-143.453162290972,-3276.51504598191,0.0395755630262427,"EC_088","W"
"EC_088_SIR-W3",0.4,-0.222222222222222,13,-143.048542824619,-3276.51504598191,0.039304356457047,"EC_088","W"
"EC_088_SIR-W4",0.384615384615385,-0.260869565217392,12,-143.511749725014,-3293.93429914013,0.0391650061594559,"EC_088","W"
"EC_088_SIR-W5",0.428571428571429,-0.181818181818182,13,-142.741743449033,-3299.42273269236,0.0399498490463155,"EC_088","W"
"EC_089_SIR-D1",0.263157894736842,-0.564102564102564,11,-146.668031406651,-3964.69959979681,0.0305058572961095,"EC_089","D"
"EC_089_SIR-D2",0.275862068965517,-0.54054054054054,11,-146.305967435813,-3882.23038302069,0.0313823267032684,"EC_089","D"
"EC_089_SIR-D3",0.268292682926829,-0.578947368421052,11,-146.758026183981,-4031.3995634147,0.0297254686140692,"EC_089","D"
"EC_089_SIR-D4",0.272727272727273,-0.533333333333333,11,-146.154364521882,-3658.43418999381,0.0333707987807843,"EC_089","D"
"EC_089_SIR-D5",0.268292682926829,-0.56,11,-146.551567577165,-3906.4149732177,0.030855509734668,"EC_089","D"
"EC_089_SIR-W1",0.263157894736842,-0.55,11,-146.576888732865,-3662.4803830207,0.0333707987807843,"EC_089","W"
"EC_089_SIR-W2",0.272727272727273,-0.545454545454546,11,-146.341522789246,-3854.63805154008,0.031558807969506,"EC_089","W"
"EC_089_SIR-W3",0.271284271284271,-0.551724137931035,11,-146.413721071207,-3814.68034663858,0.0319834408184258,"EC_089","W"
"EC_089_SIR-W4",0.257142857142857,-0.571428571428571,11,-146.714343675216,-3918.88422637592,0.0307655536100879,"EC_089","W"
"EC_089_SIR-W5",0.315789473684211,-0.451612903225806,12,-145.497555384124,-3639.1995997968,0.0342502881265066,"EC_089","W"
"EC_090_SIR-D1",0.282051282051282,-0.545454545454546,11,-146.517735763941,-3853.9995997968,0.0314937320438055,"EC_090","D"
"EC_090_SIR-D2",0.288888888888889,-0.5,11,-145.642789371436,-3555.45347953414,0.0348086084796242,"EC_090","D"
"EC_090_SIR-D3",0.298245614035088,-0.444444444444445,11,-145.191796247657,-3474.79959979681,0.0360100334842931,"EC_090","D"
"EC_090_SIR-D4",0.347826086956522,-0.461538461538462,12,-145.414446649783,-3433.29963617891,0.0359045434310848,"EC_090","D"
"EC_090_SIR-D5",0.28,-0.48,11,-145.636670890463,-3470.96116624458,0.0352281369661633,"EC_090","D"
"EC_090_SIR-W1",0.272727272727273,-0.56,11,-146.491592999178,-3714.53038302069,0.0324782813389999,"EC_090","W"
"EC_090_SIR-W2",0.263157894736842,-0.526315789473684,10.5,-146.014270121953,-3461.79963617891,0.035170145220466,"EC_090","W"
"EC_090_SIR-W3",0.269230769230769,-0.558139534883721,11,-146.341522789246,-3797.73806973114,0.0320109725181441,"EC_090","W"
"EC_090_SIR-W4",0.268292682926829,-0.54054054054054,11,-146.292292299877,-3586.24579282369,0.0338387433300256,"EC_090","W"
"EC_090_SIR-W5",0.277186761229315,-0.526315789473684,11,-145.764809978542,-3361.00735927147,0.0361184054758396,"EC_090","W"
"EC_091_SIR-D1",0.276595744680851,-0.5,11,-145.955915070518,-3581.66116624458,0.0343359593279378,"EC_091","D"
"EC_091_SIR-D2",0.304347826086957,-0.461538461538462,12,-145.445135048402,-3724.96881657292,0.0335928791791793,"EC_091","D"
"EC_091_SIR-D3",0.294117647058824,-0.444444444444445,11,-145.317987851119,-3546.29194946847,0.0351863001387111,"EC_091","D"
"EC_091_SIR-D4",0.285714285714286,-0.416666666666667,10,-144.241651507455,-3159.95351591625,0.0385064321576646,"EC_091","D"
"EC_091_SIR-D5",0.297771455666192,-0.444444444444445,11,-145.453181837828,-3639.1995997968,0.0342517576296411,"EC_091","D"
"EC_091_SIR-W1",0.3,-0.444444444444445,11,-145.329305724463,-3671.00346134308,0.0337171340270262,"EC_091","W"
"EC_091_SIR-W2",0.285714285714286,-0.466666666666667,11,-145.485441906644,-3621.24577463263,0.0340827023629196,"EC_091","W"
"EC_091_SIR-W3",0.288888888888889,-0.444444444444445,11,-145.204167725993,-3664.13038302069,0.033848683162489,"EC_091","W"
"EC_091_SIR-W4",0.304347826086957,-0.457142857142857,11,-145.384335174465,-3493.86885295503,0.0355470395868205,"EC_091","W"
"EC_091_SIR-W5",0.291402953586498,-0.5,11,-145.883369055037,-3763.64575644158,0.032610158805208,"EC_091","W"
"EC_092_SIR-D1",0.299122807017544,-0.461538461538462,11,-145.445135048402,-3413.3227145013,0.0360378671445449,"EC_092","D"
"EC_092_SIR-D2",0.285714285714286,-0.470588235294118,11,-145.626030133023,-3603.93040121175,0.0340779302587702,"EC_092","D"
"EC_092_SIR-D3",0.288888888888889,-0.451612903225806,11,-145.548852480413,-3570.47653966547,0.0346873661133568,"EC_092","D"
"EC_092_SIR-D4",0.297297297297297,-0.470588235294118,11,-145.595589402977,-3601.26885295503,0.0346081441269565,"EC_092","D"
"EC_092_SIR-D5",0.285714285714286,-0.461538461538462,11,-145.562484082827,-3541.70732288936,0.034943732691956,"EC_092","D"
"EC_092_SIR-W1",0.285714285714286,-0.444444444444445,11,-145.445135048402,-3470.96116624458,0.0356478116042655,"EC_092","W"
"EC_092_SIR-W2",0.297297297297297,-0.421052631578948,11,-144.929983628051,-3448.05347953414,0.0361570194170607,"EC_092","W"
"EC_092_SIR-W3",0.285714285714286,-0.48,11,-145.755369782679,-3593.38422637592,0.0344202317078303,"EC_092","W"
"EC_092_SIR-W4",0.3,-0.428571428571429,11,-145.056457437196,-3408.8458292058,0.0361759632727863,"EC_092","W"
"EC_092_SIR-W5",0.3,-0.444444444444445,11,-145.196138453723,-3469.1458292058,0.0356738628786092,"EC_092","W"
"EC_093_SIR-D1",0.268292682926829,-0.588235294117647,12,-146.947913709292,-3962.67650328336,0.0301977771137736,"EC_093","D"
"EC_093_SIR-D2",0.266666666666667,-0.571428571428571,11,-146.714343675216,-3880.20728650725,0.0313221199808589,"EC_093","D"
"EC_093_SIR-D3",0.263157894736842,-0.533333333333333,11,-146.507867246242,-3576.44194946847,0.0345068999615811,"EC_093","D"
"EC_093_SIR-D4",0.288888888888889,-0.5,11,-145.941780225664,-3723.0495997968,0.0332449978089014,"EC_093","D"
"EC_093_SIR-D5",0.307692307692308,-0.516129032258065,11,-145.980326876609,-3500.47657604758,0.0347745716068264,"EC_093","D"
"EC_093_SIR-W1",0.263157894736842,-0.580645161290323,11,-146.825991866943,-3908.97650328336,0.0307440033758264,"EC_093","W"
"EC_093_SIR-W2",0.25,-0.615384615384615,10,-147.10511234626,-3721.13038302069,0.0325567053184559,"EC_093","W"
"EC_093_SIR-W3",0.263157894736842,-0.533333333333333,11,-146.121190390956,-3857.2995997968,0.0314974248484077,"EC_093","W"
"EC_093_SIR-W4",0.272727272727273,-0.551724137931035,11,-146.472712113516,-3812.1226781192,0.0322843513553753,"EC_093","W"
"EC_093_SIR-W5",0.283018867924528,-0.533333333333333,11,-146.293390601271,-3795.7149732177,0.0323821459478585,"EC_093","W"
"EC_094_SIR-D1",0.272727272727273,-0.518518518518518,11,-146.086763453724,-3695.93424456697,0.0334277636621746,"EC_094","D"
"EC_094_SIR-D2",0.26530612244898,-0.555555555555555,11,-146.387012726726,-3664.13038302069,0.033154516366277,"EC_094","D"
"EC_094_SIR-D3",0.266666666666667,-0.518518518518518,11,-146.066848835813,-3791.50730469831,0.0325498817725623,"EC_094","D"
"EC_094_SIR-D4",0.269230769230769,-0.521739130434782,11,-146.066848835813,-3669.99191308636,0.0335611473231097,"EC_094","D"
"EC_094_SIR-D5",0.294117647058824,-0.54054054054054,11,-146.527321444354,-3732.85344315203,0.0325970824844628,"EC_094","D"
"EC_094_SIR-W1",0.269230769230769,-0.545454545454546,10,-146.447476327485,-3405.43808792219,0.0350833207700313,"EC_094","W"
"EC_094_SIR-W2",0.26530612244898,-0.571428571428571,11,-146.634599292529,-3912.27650328336,0.0310830273109009,"EC_094","W"
"EC_094_SIR-W3",0.3125,-0.482758620689655,11,-145.450334512339,-3420.56502779086,0.0358003971801097,"EC_094","W"
"EC_094_SIR-W4",0.304347826086957,-0.571428571428571,11,-146.491592999178,-3635.36116624458,0.0334081060615557,"EC_094","W"
"EC_094_SIR-W5",0.307692307692308,-0.5,11,-145.69470936255,-3437.61504598191,0.0352953780484031,"EC_094","W"
"EC_095_SIR-D1",0.230769230769231,-0.615384615384615,10,-147.007722359925,-3647.08422637592,0.0329628463238075,"EC_095","D"
"EC_095_SIR-D2",0.292307692307692,-0.571428571428571,11,-146.039585798997,-3434.68428094908,0.034504658778988,"EC_095","D"
"EC_095_SIR-D3",0.238095238095238,-0.555555555555555,10,-146.341522789246,-3572.49963617891,0.0344093117599536,"EC_095","D"
"EC_095_SIR-D4",0.180327868852459,-0.620689655172414,9,-146.714343675216,-3507.6150095998,0.0336682469981955,"EC_095","D"
"EC_095_SIR-D5",0.220338983050847,-0.666666666666667,10,-147.486907124768,-3763.64575644158,0.0317631680785127,"EC_095","D"
"EC_095_SIR-W1",0.257142857142857,-0.642857142857143,11,-147.532851486016,-3910.25340676992,0.0300316315197925,"EC_095","W"
"EC_095_SIR-W2",0.294117647058824,-0.555555555555555,11,-146.014270121954,-3427.70732288936,0.0349320246141672,"EC_095","W"
"EC_095_SIR-W3",0.290322580645161,-0.56125,11,-146.150625399992,-3470.3227145013,0.0341217086744105,"EC_095","W"
"EC_095_SIR-W4",0.238095238095238,-0.606060606060606,10,-146.914214957007,-3738.7149732177,0.0325770217881834,"EC_095","W"
"EC_095_SIR-W5",0.272727272727273,-0.583333333333333,11,-146.99421450223,-3819.36885295503,0.0315649951210215,"EC_095","W"
