"site","Parent_ID","slope","elevation","AridityWs","Pct_shrub","precipitation","PctFst","PctAg","NPP_kgCm2","ET_kgm2year"
"HOPB","EC_044",0.03431775,296.7564,1.129682685,0.63,270.4440002,88.12,3.22,354848.2552,325136.6645
"HOPB","EC_044",0.03431775,296.7564,1.129682685,0.63,270.4440002,88.12,3.22,354848.2552,325136.6645
"MART","EC_052",0.03660246,582.7035,1.901206731,0.42,918.5979614,91.66,0.37,236769.1956,168777.2929
"MART","EC_052",0.03660246,582.7035,1.901206731,0.42,918.5979614,91.66,0.37,236769.1956,168777.2929
"MART","EC_053",0.03660246,582.7035,1.901206731,0.42,918.5979614,91.66,0.37,236769.1956,168777.2929
"MART","EC_053",0.03660246,582.7035,1.901206731,0.42,918.5979614,91.66,0.37,236769.1956,168777.2929
"MART","EC_051",0.03660246,582.7035,1.901206731,0.42,918.5979614,91.66,0.37,236769.1956,168777.2929
"MART","EC_051",0.03660246,582.7035,1.901206731,0.42,918.5979614,91.66,0.37,236769.1956,168777.2929
"MAYF","EC_056",0.00313886,119.2079,0.975050093,1.64,1011.636963,93.27,0,153638.2366,401666.6629
"MAYF","EC_056",0.00313886,119.2079,0.975050093,1.64,1011.636963,93.27,0,153638.2366,401666.6629
"MAYF","EC_057",0.00313886,119.2079,0.975050093,1.64,1011.636963,93.27,0,153638.2366,401666.6629
"MAYF","EC_057",0.00313886,119.2079,0.975050093,1.64,1011.636963,93.27,0,153638.2366,401666.6629
"MP-100019","EC_094",0.00372399,67.5046,0.993358274,1.23,1168.152954,51.52,5.76,2228441.384,2362072.24
"MP-100021","EC_063",0.00036902,114.1168,0.995081266,2.15,447.3479919,71.7,3.07,3460051.775,3388106.412
"MP-100068","EC_070",0.00033639,446.2136,1.238984184,0.69,1157.957031,83.72,8.17,57078693.31,39313664.05
"MP-100167","EC_012",0.00707335,432.512,1.13620613,0.75,1028.126953,86.96,6.17,4832842.773,3333042.285
"MP-100201","EC_011",0.00546789,386.1143,1.086244361,0.66,1278.272949,78.11,9.42,8786411.86,6803574.432
"MP-100379","EC_078",0.00042164,169.4334,0.971363775,0.99,1002.931946,40.27,27.47,161074646.7,250677523.9
"MP-100656","EC_014",0.00014288,39.7459,0.861012838,1.56,1031.51001,18.72,43.61,44238828.33,67132314.06
"MP-100747","EC_081",0.00011545,135.6208,0.77798719,4.54,554.3029785,44.04,16.63,629900908.4,1137534462
"MP-100747","EC_081",0.00011545,135.6208,0.77798719,4.54,554.3029785,44.04,16.63,629900908.4,1137534462
"MP-100747","EC_081",0.00011545,135.6208,0.77798719,4.54,554.3029785,44.04,16.63,629900908.4,1137534462
"MP-100747","EC_081",0.00011545,135.6208,0.77798719,4.54,554.3029785,44.04,16.63,629900908.4,1137534462
"MP-100747","EC_081",0.00011545,135.6208,0.77798719,4.54,554.3029785,44.04,16.63,629900908.4,1137534462
"MP-100749","EC_082",0.0001256,131.4951,0.778881895,4.67,990.7489624,43.5,16.11,655911395.8,1189151052
"MP-100819","EC_075",1e-05,58.9927,0.800371209,4.81,905.0700073,26.27,22.71,385878208,560595879.2
"MP-100981","EC_091",1e-05,165.4873,0.868669112,4.58,906.0379639,45.45,21.6,872436157.9,1549247772
"MP-100984","EC_092",1e-05,153.9906,0.874066795,4.89,1146.817993,43.62,21.35,956865776.5,1692327064
"MP-101022","EC_064",0.00115165,237.8643,0.973892327,1.32,1173.064941,24.51,1.01,1897063.684,3087049.209
"MP-101142","EC_042",1e-05,758.9331,0.903316734,1.26,1171.695923,58.55,31.42,17729294.3,20019970.45
"MP-101143","EC_041",0.00084643,817.7277,0.931627144,1.49,1248.900024,62.25,25.75,245513462.3,235916969.2
"MP-101276","EC_095",0.02439849,524.5421,1.123054071,0.28,1238.046021,77.36,11.84,3351958.458,3372295.084
"MP-101336","EC_093",0.00736236,449.5031,0.923226655,0.57,1033.872925,61.35,1.17,15295683.24,13132399.58
"MP-101583","EC_032",0.00049309,358.2991,0.508953594,0.12,1376.317993,7.37,70.25,304433643.6,502095006.9
"MP-101915","EC_017",0.00336755,2441.9318,0.544648608,43.93,1263.838013,38.39,0.92,160871393.6,209429070.9
"MP-102055","EC_076",0.00020116,1115.7654,0.318237987,19.1,1311.542847,7.83,27.31,13364626287,15336815038
"MP-102277","EC_068",1e-05,11.0393,0.996861492,0.16,615.7879639,1.78,75.84,15566626.8,22999196.27
"MP-102281","EC_080",1e-05,15.6109,1.014119214,1.82,615.1599731,13.13,56.41,64235645.08,102131660.5
"MP-102322","EC_027",0.00031279,14.4124,0.801912696,1.66,1012.344971,2.76,62.19,4786016,6518454.882
"MP-102327","EC_072",0.0001839,571.8174,0.310081719,28.74,1015.594971,7.62,29.11,796454706.7,976702130.8
"MP-102338","EC_039",0.00010379,690.6079,0.264828433,68.1,1217.664917,5.86,14.49,975890170.8,1098603762
"MP-102398","EC_084",0.02421216,3396.5931,0.587534564,30.15,1186.088989,48.6,0,363769.8749,421973.9659
"MP-102600","EC_009",0.00022633,1478.4574,0.53069814,27.14,1154.438965,50.74,3.94,59942952.3,49972174.65
"MP-102602","EC_090",1e-05,1449.2332,0.632139385,27.25,1211.677979,59.54,2.73,34852699.09,27902032.88
"MP-102695","EC_005",0.00050459,674.456,1.871006391,6.83,248.0609894,65.54,12.41,63481864.79,50896402.44
"MP-103089","EC_037",0.00073105,86.2432,1.04503792,0.21,1259.551025,49.93,1.39,3465333.442,5291074.399
"MP-103149","EC_085",0.00206622,112.7278,0.790012066,0.41,1325.778931,21.67,2.45,5803074.092,10350159.02
"MP-103380","EC_089",0.10013104,2733.8605,0.489875258,35.86,1444.586914,26.75,0,191522.1221,102412.4276
"MP-103975","EC_069",0.00530822,2240.1103,0.34753161,10.56,1329.460938,61.22,0.09,7345892.021,13105917.34
"MP-104218","EC_088",0.01584928,135.5368,1.355215021,0.23,1203.43103,6.65,30.36,1945997.532,3209759.303
"SP-1","EC_013",0.00119534,271.2999,0.816752235,0.02,200.2279968,9.32,80.47,61431385.33,71651515.86
"SP-10","EC_021",0.00250861,1244.0746,0.194817558,67.06,249.3579865,7.84,0.33,108457342.5,147561680.7
"SP-13","EC_033",0.00251413,1228.7561,0.191895054,67.09,907.4619751,7.59,0.89,110273315.9,149547115
"SP-14","EC_034",0.00164006,NA,0.974833007,NA,917.5359497,NA,NA,26435553.51,14080133.23
"SP-15","EC_040",6.71e-05,686.4673,0.564373984,8.9,1274.452026,21.06,37.92,51374425889,62475985531
"SP-17","EC_071",0.00486058,364.482,0.593087191,0.02,1637.495972,8.37,82.46,439792.6708,628308.8257
"SP-18","EC_073",0.01105317,450.0672,1.278967738,0.67,1376.200928,88.39,6.36,5024557.888,3470126.227
"SP-19","EC_074",0.00297077,1817.0094,0.396894824,44.75,873.6449585,31.65,0.38,94810203.4,93832010.24
"SP-2","EC_018",0.00105731,1914.7882,0.246428638,40.18,1111.197998,9.48,7.12,740731510.3,827320202.2
"SP-22","EC_065",0.01596173,75.0459,0.956660137,1.54,356.3259888,71.98,7.12,39624.93446,94851.80852
"SP-5","EC_024",0.01636313,296.5384,0.871958952,0,914.605957,8.16,0.12,908602.4892,1829880.531
"SP-6","EC_035",1e-05,334.8251,0.788931187,1.43,270.2009888,43.1,19.29,473439435.3,502662250.2
"SP-8","EC_022",0.00054338,781.9303,1.268784067,5.68,373.5749817,74.39,9.16,326347160.5,260845503.6
"SP-9","EC_023",0.00225868,229.9866,1.731372332,4.7,557.3338623,56.77,23.79,27581101.76,18393990.15
