"Sample_Name","Weighted_Avg_AI_mod","Weighted_Avg_NOSC","Weighted_Avg_DBE","Weighted_Avg_delGcoxPerCmol","Weighted_Avg_delGcoxPerCompmol","Weighted_Avg_Lambda","site","Treatment"
"EC_005_SIR-W1_p05",0.257645663511322,-0.247243855659217,11.5439234872169,-143.147609294137,-3611.77193008146,0.0384733593895006,"EC_005","Wet"
"EC_005_SIR-W2_p05",0.328043745796846,-0.234068851087452,13.0064553254652,-142.568944608263,-3603.18603674191,0.0390751004111915,"EC_005","Wet"
"EC_005_SIR-W3_p06",0.377148353015475,-0.145931174171551,15.4210245457561,-141.840421235893,-3827.99728056344,0.0377350161554302,"EC_005","Wet"
"EC_005_SIR-W4_p06",0.383034541336336,-0.271785631798247,15.2369378574512,-143.055379645106,-3957.50673163084,0.0356307015646161,"EC_005","Wet"
"EC_005_SIR-W5_p06",0.336140023771728,-0.272052942281411,13.3967658843409,-143.313872870752,-3809.65196152194,0.0376151685004288,"EC_005","Wet"
"EC_005_SIR-D1_p07",0.311423756615747,-0.204494528956134,14.6478627080478,-142.737344361932,-4048.12725646867,0.0355352935531395,"EC_005","Dry"
"EC_005_SIR-D2_p05",0.225756654006337,-0.138632886332809,11.5491056500131,-142.39386859461,-3556.31381444293,0.0390701493284993,"EC_005","Dry"
"EC_005_SIR-D3_p05",0.31349857072911,-0.133504568604267,13.4958314419816,-141.179768799053,-3543.9730845662,0.0416574929515495,"EC_005","Dry"
"EC_005_SIR-D4_p06",0.322809114290801,-0.246761365876458,12.4666720213522,-142.429913738991,-3429.10091589242,0.0412211380993431,"EC_005","Dry"
"EC_005_SIR-D5_p05",0.320298646001322,-0.280296626109291,12.8451669814745,-143.517531710948,-3647.56311427351,0.0387854405189136,"EC_005","Dry"
"EC_009_SIR-W1_p07",0.30732984528172,-0.339264355727325,13.0026626256836,-143.317430440495,-3779.26936905671,0.0374499399286315,"EC_009","Wet"
"EC_009_SIR-W2_p08",0.439114214775689,-0.176062289596571,12.6545118388762,-140.260132171023,-3103.40022068796,0.0437625986920957,"EC_009","Wet"
"EC_009_SIR-W3_p09",0.360549293768055,-0.240826277216927,12.5506889556408,-141.90058935833,-3252.04476790911,0.0423137053644351,"EC_009","Wet"
"EC_009_SIR-W4_p1",0.308611588121982,-0.282444601934572,11.4687137132597,-142.630973966898,-3278.85176244232,0.0420032048777864,"EC_009","Wet"
"EC_009_SIR-W5_p1",0.344029970678344,-0.246625360306935,11.745103765159,-141.653349993348,-3126.31390241561,0.0440925731452459,"EC_009","Wet"
"EC_009_SIR-D1_p07",0.310673811805871,-0.145747022748291,13.0578188809991,-140.95288875033,-3600.10769716622,0.0402433155990769,"EC_009","Dry"
"EC_009_SIR-D2_p07",0.300703852031531,-0.200748743971935,12.9463255834124,-142.012749214116,-3661.23435178475,0.0389617253363544,"EC_009","Dry"
"EC_009_SIR-D3_p07",0.308308830468312,-0.230080924957922,12.0074746532237,-141.878815137902,-3435.7860753326,0.0418693828766067,"EC_009","Dry"
"EC_009_SIR-D4_p06",0.32322086338793,-0.23486369397794,12.627256673426,-141.936669431973,-3622.40151051777,0.0388367924425086,"EC_009","Dry"
"EC_009_SIR-D5_p06",0.411073336159683,-0.211335135994785,14.6198966428028,-141.333653472583,-3695.15033040405,0.0377971976090841,"EC_009","Dry"
"EC_011_SIR-W1_p07",0.262974109276842,-0.239725974624864,11.0332775492253,-142.623914329044,-3267.3915451497,0.0453083988246102,"EC_011","Wet"
"EC_011_SIR-W2_p07",0.246780346926725,-0.2155728193676,10.4993499780835,-142.360086848897,-3037.35081953003,0.0488320131926361,"EC_011","Wet"
"EC_011_SIR-W3_p06",0.289492983740384,-0.165864218338464,12.468031362696,-141.640333943658,-3514.67529167911,0.0403079612673597,"EC_011","Wet"
"EC_011_SIR-W4_p07",0.335359573406184,-0.245443713775963,11.8062560126828,-142.06570203363,-3233.38092778737,0.0425833040402339,"EC_011","Wet"
"EC_011_SIR-W5_p06",0.328388804799357,-0.236185588954282,12.0601650980894,-142.218504475805,-3306.50485987598,0.042397403810503,"EC_011","Wet"
"EC_011_SIR-D1_p06",0.247391822338718,-0.371594940233332,11.2543788945117,-144.245220991131,-3660.35093176495,0.0379755000456369,"EC_011","Dry"
"EC_011_SIR-D2_p06",0.248292549330992,-0.306828912012802,10.5268882510855,-143.06721867821,-3435.81106724204,0.0400099475983207,"EC_011","Dry"
"EC_011_SIR-D3_p13",0.269538979172562,-0.257723806867896,11.3411954982699,-141.948374989081,-3160.68538767354,0.0455916526063285,"EC_011","Dry"
"EC_011_SIR-D4_p07",0.403020339322751,-0.181460783837392,15.0382788719896,-140.878219766934,-3820.39550084492,0.0365318354251887,"EC_011","Dry"
"EC_011_SIR-D5_p06",0.24153643681958,-0.334693808525645,11.0212046260652,-143.416676678927,-3642.644026065,0.0386822781779013,"EC_011","Dry"
"EC_012_SIR-W1_p06",0.361653962139533,-0.215155861849248,13.4519958768694,-141.823192891342,-3507.71788191901,0.0405953068517264,"EC_012","Wet"
"EC_012_SIR-W2_p06",0.206946693234688,-0.121559062448254,12.1266371091682,-142.404435920371,-3378.46839774074,0.0452412344194424,"EC_012","Wet"
"EC_012_SIR-W3_p06",0.394143073761715,-0.197849351490287,12.8971771095837,-141.221253511376,-3211.67905020466,0.0439129823380766,"EC_012","Wet"
"EC_012_SIR-W4_p06",0.395472735325639,-0.195120719696246,13.8341465341743,-142.08339120477,-3467.95543204713,0.0420325836780082,"EC_012","Wet"
"EC_012_SIR-W5_p07",0.274635415132252,-0.214975556749992,10.9516651701296,-141.804738685154,-3190.57989735022,0.0451720297017509,"EC_012","Wet"
"EC_012_SIR-D1_p05",0.56761430253635,0.295156168803326,24.7642842894439,-136.089623332457,-4661.85890780888,0.0328826778913658,"EC_012","Dry"
"EC_012_SIR-D2_p07",0.36314441602619,0.179207767816186,17.3432069942809,-137.78011744124,-3843.83242306871,0.0410858409025985,"EC_012","Dry"
"EC_012_SIR-D3_p06",0.48428487192868,0.295936258852842,21.8523568308814,-136.196403707233,-4417.84234648384,0.0330835041260428,"EC_012","Dry"
"EC_012_SIR-D4_p06",0.27601340234978,0.148328977283204,15.0525927088736,-138.9829661598,-3791.70635357612,0.037816425879935,"EC_012","Dry"
"EC_012_SIR-D5_p05",0.337208925731239,0.218920651722893,18.1192834739978,-137.460614012818,-3990.09776305578,0.037206889036586,"EC_012","Dry"
"EC_014_SIR-W1_p08",0.37929859269335,-0.178624753206098,13.4941614230476,-141.063932791186,-3454.96151375368,0.0419284477640107,"EC_014","Wet"
"EC_014_SIR-W2_p05",0.365651991618491,-0.210982879526773,13.0339420366386,-141.623902359057,-3481.40699238963,0.0410428867738276,"EC_014","Wet"
"EC_014_SIR-W3_p05",0.315254111910287,-0.248174297491406,11.5933349823199,-142.03188364257,-3321.21140090735,0.0426957624176524,"EC_014","Wet"
"EC_014_SIR-W4_p05",0.305543947695002,-0.248763616837982,11.2957769129449,-142.095483292644,-3209.86343922553,0.0444880589696912,"EC_014","Wet"
"EC_014_SIR-W5_p05",0.388825827900054,-0.0583407249723104,11.9889170534514,-139.793111343663,-2944.10382430645,0.0477310495494915,"EC_014","Wet"
"EC_014_SIR-D1_p06",0.197205394549032,-0.349431520731345,8.40828982823606,-145.89897548836,-2788.78412249073,0.0489299079677516,"EC_014","Dry"
"EC_014_SIR-D2_p06",0.188077810068387,-0.41539659728999,7.86621767783371,-146.139430968355,-2669.33785557184,0.0512260705926817,"EC_014","Dry"
"EC_014_SIR-D3_p06",0.352797955602784,-0.206556069577269,12.5889453286435,-141.544315223218,-3288.98680138456,0.0434103264126491,"EC_014","Dry"
"EC_014_SIR-D4_p08",0.443448945774001,-0.0993924407603318,13.6371052693171,-139.878032725822,-3170.76902040933,0.0439529969720928,"EC_014","Dry"
"EC_014_SIR-D5_p08",0.324395886753382,-0.153998383394559,12.3291547144739,-141.17537098568,-3314.07718334516,0.0429910628528341,"EC_014","Dry"
"EC_017_SIR-W1_p06",0.27522931836216,-0.201687843801758,13.4687377252694,-142.392711939733,-3946.02062010854,0.0358306653314473,"EC_017","Wet"
"EC_017_SIR-W2_p05",0.256699057170997,-0.225188123036745,11.6024577959187,-142.426682699081,-3498.14636410512,0.0412544244204824,"EC_017","Wet"
"EC_017_SIR-W3_p05",0.301046952095713,-0.265402608880434,12.3222206752578,-142.677859881954,-3522.24771463861,0.040611957554629,"EC_017","Wet"
"EC_017_SIR-W4_p07",0.252454818973177,-0.212352783014467,11.805298284432,-141.995484368988,-3583.89685780407,0.0392049540980079,"EC_017","Wet"
"EC_017_SIR-W5_p08",0.275693025177209,-0.206392650746288,12.3835580344889,-141.767972074987,-3530.10737676898,0.0409734799970832,"EC_017","Wet"
"EC_017_SIR-D1_p06",0.239173478262423,-0.177211113598831,11.5142951122849,-142.04198635408,-3483.57551138917,0.040668211574527,"EC_017","Dry"
"EC_017_SIR-D2_p06",0.214231931624111,-0.177964293505785,11.575516482064,-141.645873800231,-3592.63104178626,0.0390378975756003,"EC_017","Dry"
"EC_017_SIR-D3_p06",0.305937059491898,-0.213358644099569,13.1097103323011,-142.170369576362,-3784.19287933936,0.0365065413678764,"EC_017","Dry"
"EC_017_SIR-D4_p05",0.288162847595897,-0.267445975443497,11.6922821772951,-142.461659487702,-3426.36163294216,0.0419935151889103,"EC_017","Dry"
"EC_017_SIR-D5_p04",0.187462481364504,-0.188710962526604,10.384234341865,-141.911453518486,-3469.61999921049,0.040937063545778,"EC_017","Dry"
"EC_022_SIR-W1_p07",0.267405252055041,-0.280581300016034,12.4557563927147,-143.420764110254,-3810.58006871794,0.0365381614287205,"EC_022","Wet"
"EC_022_SIR-W2_p06",0.444815414924543,-0.171435183873083,15.8441921646827,-141.458641443023,-3768.6704356748,0.037552469884767,"EC_022","Wet"
"EC_022_SIR-W3_p07",0.279153620111145,-0.326533285058612,12.1444797495234,-144.01308275812,-3762.74193426512,0.0368683491087924,"EC_022","Wet"
"EC_022_SIR-W4_p07",0.276014975966847,-0.354218793839681,12.654250186489,-144.190080956926,-3904.04966854409,0.0349963405504321,"EC_022","Wet"
"EC_022_SIR-W5_p07",0.314490910073752,-0.127238367058954,12.8195321892727,-141.806239749412,-3435.19539823359,0.0433808903071306,"EC_022","Wet"
"EC_022_SIR-D1_p08",0.244011635228861,-0.303267740502019,11.5289137792556,-143.928980344316,-3728.31251462033,0.0384360908232361,"EC_022","Dry"
"EC_022_SIR-D3_p07",0.221777879145567,-0.24313883871863,10.9998948779373,-143.025933538882,-3590.61840511099,0.0395746143810369,"EC_022","Dry"
"EC_022_SIR-D4_p07",0.296571656461292,-0.28964637424742,12.5508550548729,-143.922730608231,-3631.95389680108,0.0387557433631201,"EC_022","Dry"
"EC_022_SIR-D5_p09",0.291151757103991,-0.176198098850447,11.7037724009448,-141.897993353392,-3432.4170005432,0.0420202230106978,"EC_022","Dry"
"EC_023_SIR-W1_p07",0.323952326522115,-0.259836323781307,14.1566843762869,-142.823705490305,-4083.22111600637,0.0348548556247933,"EC_023","Wet"
"EC_023_SIR-W2_p07",0.270884472942672,-0.201976085324616,12.2393262694764,-142.085480041761,-3513.49863758592,0.0419728463344326,"EC_023","Wet"
"EC_023_SIR-W3_p08",0.359740278530488,-0.0624348915695407,16.2805338633035,-140.450460480659,-3891.3785763662,0.0377837260487321,"EC_023","Wet"
"EC_023_SIR-W4_p08",0.312738184548282,-0.297380895014227,12.5471169394411,-143.243943608198,-3643.12982651109,0.0388478341297397,"EC_023","Wet"
"EC_023_SIR-W5_p08",0.269381448404675,-0.255252816931558,12.3566554445621,-142.801784968714,-3395.02250733262,0.0434328099579431,"EC_023","Wet"
"EC_023_SIR-D1_p05",0.6206368926419,0.17284103982599,28.8392579874467,-136.690675965887,-5280.28517363745,0.0278042194562968,"EC_023","Dry"
"EC_023_SIR-D2_p05",0.392289887917133,0.202266210836089,17.4622286241237,-137.923995589092,-3890.55696384894,0.0404393954160669,"EC_023","Dry"
"EC_023_SIR-D3_p05",0.258566186658985,-0.428777231143463,11.547662444546,-144.785538720752,-3810.74302685757,0.0357903432712782,"EC_023","Dry"
"EC_023_SIR-D4_p05",0.286020941504041,-0.410319869191142,13.7791427643758,-144.371289629453,-4272.15650848181,0.0349474821895234,"EC_023","Dry"
"EC_023_SIR-D5_p05",0.346882901724042,-0.0723765890934251,16.412261902579,-140.718691229903,-4114.99872376582,0.0340329817724531,"EC_023","Dry"
"EC_027_SIR-W1_p09",0.297936005745905,-0.428914451871107,12.1550462668332,-145.330052117613,-3792.05910278511,0.0355126037387177,"EC_027","Wet"
"EC_027_SIR-W2_p09",0.305970362686375,-0.280120021823241,11.950497630761,-143.348845516649,-3479.4082393197,0.0408737984146707,"EC_027","Wet"
"EC_027_SIR-W3_p08",0.201231408842267,-0.501090078203793,8.85274926532328,-146.71597926838,-2998.66020816561,0.0438741845945508,"EC_027","Wet"
"EC_027_SIR-W4_p08",0.389230626306567,-0.0217197346796166,14.532107798333,-138.295024207733,-3491.79148857179,0.043763210782255,"EC_027","Wet"
"EC_027_SIR-W5_p08",0.285153806698227,-0.3586911323476,11.3178999794828,-144.29997059391,-3436.91533019625,0.0412194033888147,"EC_027","Wet"
"EC_027_SIR-D1_p06",0.409290896433214,0.000292559838278891,17.188945535057,-140.336235851678,-4174.45224197633,0.0337412316575345,"EC_027","Dry"
"EC_027_SIR-D2_p08",0.351734467672771,-0.361598750319072,13.3583703897262,-143.391918579671,-3823.84827907246,0.0354571859583687,"EC_027","Dry"
"EC_027_SIR-D3_p07",0.350222155148091,-0.283017002943306,11.8325289979925,-142.120560256583,-3269.03499840858,0.0437750585567981,"EC_027","Dry"
"EC_027_SIR-D4_p09",0.225144560803295,-0.338975928957845,9.5047292274933,-143.688666175172,-3281.0252044818,0.0424907490857895,"EC_027","Dry"
"EC_027_SIR-D5_p08",0.319795845983316,-0.226699065178955,13.147766327055,-141.251736606098,-3620.68154428981,0.0404951366537201,"EC_027","Dry"
"EC_032_SIR-W1_p08",0.232818654346043,-0.308670768401849,9.47820039844075,-143.724956688839,-2975.75429330666,0.0500995989491513,"EC_032","Wet"
"EC_032_SIR-W2_p1",0.287942266021091,-0.28460308638945,11.3139302511428,-143.162650121603,-3376.56575469982,0.0419124749290137,"EC_032","Wet"
"EC_032_SIR-W3_p09",0.170019457235413,-1.07776630995035,6.4761251005198,-151.744621656109,-3594.40704867488,0.0294167175379237,"EC_032","Wet"
"EC_032_SIR-W4_p1",0.289117287632232,-0.279200890091342,10.7738392437764,-142.737680249987,-3388.71438073843,0.0404490032426063,"EC_032","Wet"
"EC_032_SIR-W5_p1",0.317463243546035,-0.272630153806284,13.2312012954089,-142.787269333928,-3829.34198890459,0.0375331165415391,"EC_032","Wet"
"EC_032_SIR-D1_p11",0.275696341049912,-0.324921972272004,10.9133265957338,-143.898407078752,-3337.2378024829,0.0434474396086346,"EC_032","Dry"
"EC_032_SIR-D2_p11",0.243270480977345,-0.368294375154674,10.8008164522457,-144.443680342723,-3674.96561419608,0.0379384093475946,"EC_032","Dry"
"EC_032_SIR-D3_p1",0.251002045693498,-0.372267943781093,11.398796313993,-144.892752373311,-3706.86887074851,0.0384596016839603,"EC_032","Dry"
"EC_032_SIR-D4_p09",0.31841299881027,-0.365039662312326,12.6273457787845,-144.247854785454,-3723.19125128564,0.0387197418513518,"EC_032","Dry"
"EC_032_SIR-D5_p09",0.251215281569813,-0.387687695013427,11.0896501627112,-145.352347952445,-3596.53645251075,0.0386756096313382,"EC_032","Dry"
"EC_037_SIR-W1_p06",0.318344191871175,-0.143643034593591,13.7308527090864,-141.848706292146,-3655.3495166516,0.0397926062123599,"EC_037","Wet"
"EC_037_SIR-W2_p06",0.284096439790604,-0.0679850760857925,13.1626141211894,-140.566424006264,-3551.09144610321,0.0409865874023446,"EC_037","Wet"
"EC_037_SIR-W3_p06",0.251405026145109,-0.030530899808121,12.4344595961534,-140.344317587572,-3441.3235255357,0.0417555724574252,"EC_037","Wet"
"EC_037_SIR-W4_p06",0.250729779395403,-0.141589620730052,11.5236387618615,-141.391400751953,-3363.41630753625,0.042017231721997,"EC_037","Wet"
"EC_037_SIR-W5_p06",0.300933493753775,-0.163412558032291,12.4001150879461,-141.594431832694,-3438.09493633851,0.0400769983214631,"EC_037","Wet"
"EC_037_SIR-D1_p07",0.36642691888716,-0.217999062588476,12.3172498499399,-142.103878328219,-3087.2415083967,0.0458506584937527,"EC_037","Dry"
"EC_037_SIR-D2_p07",0.34459616834166,-0.112980243048345,13.8153614920571,-141.181026649704,-3509.90315723295,0.0423064510157859,"EC_037","Dry"
"EC_037_SIR-D3_p07",0.371022236332553,-0.138549879425618,13.8949718572471,-141.431753887175,-3472.81000700357,0.0415316555773512,"EC_037","Dry"
"EC_037_SIR-D4_p08",0.353317604312741,-0.143948416389269,13.2733315094163,-141.40715662982,-3388.900774402,0.0427446567673307,"EC_037","Dry"
"EC_037_SIR-D5_p06",0.362109741099053,-0.103480413522972,14.9215762350441,-141.313560907935,-3659.4533561622,0.040270927299908,"EC_037","Dry"
"EC_038_SIR-W1_p08",0.359769604975009,-0.181318596899992,13.6074709848133,-142.360304886518,-3519.3804300027,0.0415000198104181,"EC_038","Wet"
"EC_038_SIR-W2_p09",0.31480050582462,-0.249740311163803,12.0834178454423,-142.571874131071,-3369.48391858683,0.0408043858975151,"EC_038","Wet"
"EC_038_SIR-W3_p08",0.331072605882151,-0.245639116306899,13.3572421270358,-142.615518107844,-3647.99885523026,0.0386534861797297,"EC_038","Wet"
"EC_038_SIR-W4_p08",0.30904289016335,-0.234921818542616,12.3846559900841,-142.878023702811,-3447.24549195144,0.041577898738878,"EC_038","Wet"
"EC_038_SIR-W5_p07",0.292559001707035,-0.19651640603966,11.6702602013195,-142.149651412164,-3176.54933431033,0.0455389572353371,"EC_038","Wet"
"EC_038_SIR-D1_p06",0.294140337011917,-0.112322463822306,13.2299080472033,-140.890799942554,-3537.25698810635,0.0412897164091618,"EC_038","Dry"
"EC_038_SIR-D2_p05",0.343157126604093,-0.157104666130633,13.4131685186408,-141.218708242562,-3549.94084099372,0.0389785259902821,"EC_038","Dry"
"EC_038_SIR-D3_p06",0.243102667583879,-0.0723278724623464,9.91051304617454,-139.278250141495,-2930.81248713962,0.0527396326725604,"EC_038","Dry"
"EC_038_SIR-D4_p07",0.358864065181994,-0.244047954204618,13.7992491799106,-143.415436698355,-3563.11154001617,0.0414117990268422,"EC_038","Dry"
"EC_038_SIR-D5_p09",0.333412314044702,-0.210920867310614,12.33888519126,-142.159764487212,-3238.51767597908,0.0449918959591837,"EC_038","Dry"
"EC_040_SIR-W1_p08",0.267964137195856,-0.434470484520019,11.213679912474,-144.87887506504,-3671.27498774076,0.036359425368642,"EC_040","Wet"
"EC_040_SIR-W2_p11",0.321614140567003,-0.338528577321999,13.3013395157249,-143.713884238948,-3806.99237904102,0.0370915484426196,"EC_040","Wet"
"EC_040_SIR-W3_p08",0.227479810020432,-0.306527273987623,10.5726886499821,-143.345227960975,-3195.05500226787,0.045630592774557,"EC_040","Wet"
"EC_040_SIR-W4_p09",0.211795821377693,-0.408303758413021,9.19595292052371,-144.486269357987,-3451.07555278419,0.0397160762107414,"EC_040","Wet"
"EC_040_SIR-W5_p08",0.247335686324219,-0.389779840825188,10.3808824382543,-144.436763182834,-3381.93449373015,0.0408572951200674,"EC_040","Wet"
"EC_040_SIR-D1_p04",0.359605594647757,-0.0657416401874001,16.5138827502331,-140.040786794873,-3858.8523158438,0.0370724287598905,"EC_040","Dry"
"EC_040_SIR-D2_p05",0.43786499116101,0.125452009120071,20.3465768720953,-139.091709504091,-4525.62400129214,0.0317871722575345,"EC_040","Dry"
"EC_040_SIR-D3_p07",0.264057795261303,-0.10213184057739,12.6666563071706,-141.225109196902,-3528.32292064543,0.039720358476247,"EC_040","Dry"
"EC_040_SIR-D4_p08",0.400379243121572,-0.0222908984519585,18.6474695697143,-141.181524508346,-4444.83554687553,0.0313718496130692,"EC_040","Dry"
"EC_040_SIR-D5_p07",0.292499935967189,-0.153870030253623,13.06025587842,-141.244240716193,-3672.36757274573,0.0382017794185703,"EC_040","Dry"
"EC_041_SIR-W1_p08",0.2427234795324,-0.388659887197822,9.37235345478271,-144.206544667666,-2994.94054458977,0.0481274198178987,"EC_041","Wet"
"EC_041_SIR-W2_p09",0.240608695721399,-0.341017245384778,9.30194691068615,-143.871661856746,-2956.5776208858,0.0488258409347402,"EC_041","Wet"
"EC_041_SIR-W3_p07",0.383587587920986,-0.097839577996945,16.4340220199587,-140.713981881767,-3897.15460319941,0.0390212311872163,"EC_041","Wet"
"EC_041_SIR-W4_p08",0.345333884014495,-0.276571107608135,14.9212187686499,-143.31715049943,-3907.13764705172,0.0381673048987042,"EC_041","Wet"
"EC_041_SIR-W5_p08",0.305010363787663,-0.289343458677402,12.7127135683866,-143.319008242724,-3550.55894360235,0.0416726315189938,"EC_041","Wet"
"EC_041_SIR-D1_p08",0.291664382802749,-0.404818704344469,10.7490417285291,-144.287200878394,-3455.4700608149,0.0396745586724477,"EC_041","Dry"
"EC_041_SIR-D2_p08",0.278152906406886,-0.418108726254044,10.6896855403508,-143.824386680034,-3399.12252291334,0.0401564645145969,"EC_041","Dry"
"EC_041_SIR-D3_p08",0.330933828120839,-0.335560006156808,11.6204477450279,-143.681771465968,-3285.630726544,0.042455087935126,"EC_041","Dry"
"EC_041_SIR-D4_p08",0.221746044311154,-0.543394893395158,9.7068263005462,-145.189523232171,-3714.03017275615,0.0356455532682359,"EC_041","Dry"
"EC_041_SIR-D5_p08",0.271071381984258,-0.335445312757366,10.7756038871175,-143.650547400482,-3394.23315680766,0.0403626377237115,"EC_041","Dry"
"EC_051_SIR-W1_p11",0.30580610007223,-0.215293750946621,13.0802386448488,-142.328879129779,-3659.11746188395,0.0384042706239435,"EC_051","Wet"
"EC_051_SIR-W2_p09",0.310347994241865,-0.204524102119201,13.4099457567713,-142.252163544899,-3768.63037356271,0.0373425706096433,"EC_051","Wet"
"EC_051_SIR-W3_p1",0.309911280112508,-0.146910036509497,13.4963340292471,-141.621080684454,-3669.19397345576,0.0384530200191144,"EC_051","Wet"
"EC_051_SIR-W4_p09",0.346121198843096,-0.156680785971744,13.9304098541095,-142.032318318896,-3575.31820729454,0.0403671333362875,"EC_051","Wet"
"EC_051_SIR-D1_p06",0.425211155025635,0.0127600002338913,19.1922153180662,-139.871122803404,-4234.17588155591,0.0345718179588076,"EC_051","Dry"
"EC_051_SIR-D2_p05",0.332276979708455,-0.133816487588293,13.1326845983795,-141.069072669051,-3428.55010641326,0.0413737871468294,"EC_051","Dry"
"EC_051_SIR-D3_p04",0.368651258485963,-0.102848238978321,13.6043824591904,-140.751499834762,-3326.0694319988,0.042869366855135,"EC_051","Dry"
"EC_051_SIR-D4_p06",0.373872966843138,-0.0942942138959977,14.0832430922583,-141.176396515911,-3449.57571837041,0.0416549852814288,"EC_051","Dry"
"EC_051_SIR-D5_p09",0.301942533253181,-0.178337731539808,13.3714018887767,-142.188734394137,-3684.84708510736,0.0387134145087463,"EC_051","Dry"
"EC_052_SIR-W1_p09",0.336008822744147,-0.183739401659134,14.4301156053872,-141.934129910818,-3870.04091102649,0.0366366664693302,"EC_052","Wet"
"EC_052_SIR-W2_p09",0.31120246767906,-0.175729134717191,13.7523645329528,-142.061597025815,-3841.24863868326,0.0366117590232736,"EC_052","Wet"
"EC_052_SIR-W3_p07",0.396120445768149,-0.248425063952863,13.7683965102795,-142.309304398271,-3379.95532768625,0.0415400009117698,"EC_052","Wet"
"EC_052_SIR-W4_p1",0.37056310709621,-0.13972618743512,14.4275698028288,-141.553047770252,-3656.44051642526,0.0394740873424428,"EC_052","Wet"
"EC_052_SIR-W5_p1",0.360547693329393,-0.11565955733639,14.5695675164781,-141.24606443152,-3695.43242109572,0.0393163187628388,"EC_052","Wet"
"EC_052_SIR-D1_p05",0.275616822548484,-0.240965542629179,11.9465510855587,-142.58887626149,-3465.0461494662,0.0409620248907496,"EC_052","Dry"
"EC_052_SIR-D2_p07",0.288489588939919,-0.156680824942962,12.306079614014,-141.817288903242,-3390.54896986425,0.0419057378440137,"EC_052","Dry"
"EC_052_SIR-D3_p08",0.496039493308417,-0.084222616533744,18.1369372317422,-139.983909855889,-3953.68713989468,0.036039591478326,"EC_052","Dry"
"EC_052_SIR-D4_p08",0.310749390606945,-0.160851096626005,13.2736946099307,-141.583959099371,-3603.00727234416,0.0403498818513491,"EC_052","Dry"
"EC_052_SIR-D5_p09",0.361923371591928,-0.142211592654669,16.0356485907978,-141.341309379165,-4159.2600620855,0.0347219526202959,"EC_052","Dry"
"EC_053_SIR-W1_p09",0.262678778311854,-0.277138759862296,12.1365982435022,-142.81267026889,-3747.2093066917,0.0374989846139642,"EC_053","Wet"
"EC_053_SIR-W2_p09",0.270686814604033,-0.110816511201002,11.7505931671658,-141.171012859172,-3324.80375769421,0.0432719614272608,"EC_053","Wet"
"EC_053_SIR-W3_p09",0.379361441585912,-0.114706665849444,13.1745252651486,-140.218885673859,-3429.54952624011,0.0403264646127504,"EC_053","Wet"
"EC_053_SIR-W4_p09",0.267952100502044,-0.226553631425193,12.3212934788789,-142.43583546267,-3629.0714891212,0.0392441417524264,"EC_053","Wet"
"EC_053_SIR-W5_p1",0.482535592139612,-0.0767075334736047,15.7604108703369,-139.150871088888,-3601.67703944573,0.0386780732766011,"EC_053","Wet"
"EC_053_SIR-D1_p12",0.290418969658025,-0.253886004488394,12.5200077105917,-142.683677175411,-3581.9232972028,0.0391689426142695,"EC_053","Dry"
"EC_053_SIR-D2_p1",0.333161413763128,-0.256285631277427,12.6366312551038,-143.154071525108,-3550.33790904623,0.0400026174267343,"EC_053","Dry"
"EC_053_SIR-D3_p1",0.322583424526509,-0.263807093417476,12.0770258378901,-143.85263695028,-3356.44618144085,0.0419399629013588,"EC_053","Dry"
"EC_053_SIR-D4_p08",0.294427647651979,-0.211594705092099,12.9814252672241,-142.28234447034,-3617.4162499622,0.0390290178126457,"EC_053","Dry"
"EC_053_SIR-D5_p07",0.375047516322426,-0.27269761346466,13.8021207440371,-143.527952533741,-3611.1457348874,0.0392763293584352,"EC_053","Dry"
"EC_056_SIR-W1_p08",0.359222920416089,-0.165423565700238,14.6584466829652,-141.912441817723,-3844.24184310294,0.0374119197911591,"EC_056","Wet"
"EC_056_SIR-W2_p09",0.274382797110006,-0.377588470696368,12.5489298574364,-144.011453312767,-4008.73886006673,0.0336401972229246,"EC_056","Wet"
"EC_056_SIR-W3_p08",0.349740140207487,-0.226106129253958,14.0867993631394,-142.980457431251,-3765.81873822958,0.038042637863368,"EC_056","Wet"
"EC_056_SIR-W4_p04",0.292338219599551,-0.337299254678463,13.0402209632079,-144.002391870657,-3906.05480220978,0.0357314183185977,"EC_056","Wet"
"EC_056_SIR-W5_p04",0.329048475801567,-0.299554432584324,12.9277411302428,-142.58316846787,-3750.34592180609,0.0359828616904596,"EC_056","Wet"
"EC_056_SIR-D1_p09",0.305961740447284,-0.332630819124756,13.1648824749331,-143.494257742194,-3902.93919456246,0.0358577631749496,"EC_056","Dry"
"EC_056_SIR-D2_p08",0.322847096594504,-0.258757055977792,12.8298518014103,-142.69366111773,-3488.47545210498,0.0417058825445788,"EC_056","Dry"
"EC_056_SIR-D3_p08",0.29515988723165,-0.340493960767156,12.0008198727454,-144.119096425644,-3581.63635203418,0.0388002589849096,"EC_056","Dry"
"EC_056_SIR-D4_p08",0.300469869123699,-0.361249690232767,12.8659560925938,-144.242483020085,-3862.94097781614,0.0371752092994566,"EC_056","Dry"
"EC_056_SIR-D5_p09",0.341557466666913,-0.278597119937868,13.6157689150796,-143.323841125951,-3693.50188384458,0.038543945345413,"EC_056","Dry"
"EC_057_SIR-W1_p06",0.336423257020718,-0.219928909287379,13.505476318342,-142.974094380496,-3634.5555167623,0.0390910252441013,"EC_057","Wet"
"EC_057_SIR-W2_p07",0.319271505392313,-0.209284148298713,14.0725280589636,-142.284816662654,-3918.49600530191,0.0360354747692275,"EC_057","Wet"
"EC_057_SIR-W3_p07",0.262920784484876,-0.235759711319785,11.1014818077784,-142.826460958977,-3456.08745502828,0.040461510614567,"EC_057","Wet"
"EC_057_SIR-W4_p07",0.315442083144677,-0.403786800199935,10.8807819605359,-144.755323839213,-3086.88858913595,0.0433764045737487,"EC_057","Wet"
"EC_057_SIR-W5_p07",0.267843652260239,-0.301942994598923,10.633215206433,-143.399680419395,-3322.72823068774,0.0409422654665787,"EC_057","Wet"
"EC_057_SIR-D1_p07",0.296541578138351,-0.118248826850959,14.0466322759327,-141.998949391793,-3801.43962445459,0.0378943145554718,"EC_057","Dry"
"EC_057_SIR-D2_p05",0.281600028470759,-0.271597209757363,10.9139434215891,-142.799487892669,-3246.03051293709,0.0440679709880451,"EC_057","Dry"
"EC_057_SIR-D3_p05",0.245046205556387,-0.323605771767566,9.87143786169941,-143.395440248116,-3146.69839810981,0.0450172535408877,"EC_057","Dry"
"EC_057_SIR-D4_p04",0.336472133821791,-0.265866329505214,12.734457011262,-142.357549014462,-3611.85887173994,0.0382821477811024,"EC_057","Dry"
"EC_057_SIR-D5_p05",0.311996854512412,-0.168030438091714,12.9874654245498,-141.388136479759,-3542.12003854912,0.0409676475008939,"EC_057","Dry"
"EC_065_SIR-W1_p07",0.247067498376001,-0.309302231709752,10.7967853335863,-143.310908762009,-3467.48755554717,0.0402950243299218,"EC_065","Wet"
"EC_065_SIR-W2_p06",0.264361946888678,-0.287430620690491,10.6426344948665,-142.915203092418,-3291.17325218119,0.042236823366696,"EC_065","Wet"
"EC_065_SIR-W3_p07",0.24439026651369,-0.294710787786613,10.1300083522586,-142.957229405812,-3256.0935210162,0.0421310796181886,"EC_065","Wet"
"EC_065_SIR-W4_p07",0.249155904428253,-0.362228390052121,11.2665140122206,-143.732810737694,-3646.4022828572,0.0376809773695833,"EC_065","Wet"
"EC_065_SIR-W5_p09",0.234958033658686,-0.345733148752288,11.1251961443561,-143.655435996544,-3642.56407062009,0.0374363083627965,"EC_065","Wet"
"EC_065_SIR-D1_p09",0.268279008495849,-0.298478157003909,12.2906925586915,-142.738402548268,-3781.78512804277,0.0368371189816839,"EC_065","Dry"
"EC_065_SIR-D2_p09",0.277338122185909,-0.32506381960303,12.4887103971594,-143.266375849977,-3787.8072151627,0.0364626872471827,"EC_065","Dry"
"EC_065_SIR-D3_p09",0.272958555240575,-0.316059129377001,12.5096507960779,-143.147255351166,-3859.83650620813,0.0358998635647584,"EC_065","Dry"
"EC_065_SIR-D4_p11",0.271276832920603,-0.285221892482924,12.1650231599232,-142.281967163083,-3686.90950145498,0.0379459473337359,"EC_065","Dry"
"EC_065_SIR-D5_p04",0.251899789646255,-0.334358332421899,9.61144682026121,-143.944456383336,-3083.40139566741,0.0459695498847749,"EC_065","Dry"
"EC_066_SIR-W1_p08",0.323457307329652,-0.358729750463773,14.8733851667621,-143.941867406661,-4488.61391380658,0.0304925280295704,"EC_066","Wet"
"EC_066_SIR-W2_p08",0.324037948764001,-0.225940709547181,15.494152079419,-142.800800367181,-4386.85118403205,0.0323026997174868,"EC_066","Wet"
"EC_066_SIR-W3_p08",0.320247594365947,-0.191971577007579,13.2859816179854,-141.889306794374,-3703.23883135825,0.037624336300542,"EC_066","Wet"
"EC_066_SIR-W4_p08",0.311999124171106,-0.128862141804784,13.7500490964172,-141.444788769646,-3729.14962627759,0.0377499827991003,"EC_066","Wet"
"EC_066_SIR-W5_p07",0.292631123412773,-0.137571897365458,14.3099995941358,-141.740263377915,-3970.15840979306,0.0358880727523847,"EC_066","Wet"
"EC_066_SIR-D1_p07",0.387431468864101,-0.147910726295571,13.6660012312425,-141.630511386492,-3314.37851322885,0.0434320779850759,"EC_066","Dry"
"EC_066_SIR-D2_p11",0.306588591772147,-0.201246599091673,11.6456561012814,-141.858818588494,-3161.43160386653,0.0443922162563824,"EC_066","Dry"
"EC_066_SIR-D3_p11",0.276689398307986,-0.267751442205985,11.3412225583602,-142.383830354078,-3350.01697091663,0.0421148859111306,"EC_066","Dry"
"EC_066_SIR-D4_p08",0.337620170893536,-0.203225766771399,14.5951321344757,-142.444046891929,-3976.69779096565,0.0354569997800197,"EC_066","Dry"
"EC_066_SIR-D5_p08",0.310484954395074,-0.171995993339675,13.2599066629198,-141.62871841635,-3699.31709884516,0.0403339506134862,"EC_066","Dry"
"EC_068_SIR-W1_p1",0.45317490797448,-0.578400102220582,13.8949358555712,-150.475513752808,-3797.09857329839,0.0325013590655838,"EC_068","Wet"
"EC_068_SIR-W2_p11",0.295155224378886,-0.208011606054273,11.6607771435729,-142.087581206345,-3273.72588734616,0.0448761682189838,"EC_068","Wet"
"EC_068_SIR-W3_p13",0.334144715527048,-0.248538513737614,12.7883545634673,-142.624337479501,-3481.11424123092,0.0406318883871169,"EC_068","Wet"
"EC_068_SIR-W4_p12",0.339079829075675,-0.260665115476286,13.0743941126654,-142.485539442425,-3534.69010875867,0.0402960336872237,"EC_068","Wet"
"EC_068_SIR-W5_p12",0.303388858392922,-0.346805384354629,12.701875681691,-143.635200558643,-3698.96389466092,0.0377731979381978,"EC_068","Wet"
"EC_068_SIR-D1_p09",0.253732088929147,-0.21929328479415,11.1928657879975,-142.168694840661,-3364.50385752481,0.0428277077021461,"EC_068","Dry"
"EC_068_SIR-D2_p1",0.273741498116662,-0.24750871390934,11.9085777539424,-142.657421003723,-3512.81570124147,0.041121815210466,"EC_068","Dry"
"EC_068_SIR-D3_p09",0.235295770301027,-0.23073334840474,10.5874618541669,-142.383073655886,-3306.17219723619,0.0425490806021949,"EC_068","Dry"
"EC_068_SIR-D4_p1",0.263084615090902,-0.170657816372036,11.5637856538767,-141.658256216026,-3333.04851231138,0.0432098939744143,"EC_068","Dry"
"EC_068_SIR-D5_p09",0.268045326503592,-0.205397036902246,11.3964787842104,-142.23168220782,-3350.37271045643,0.0427451425851604,"EC_068","Dry"
"EC_070_SIR-W1_p12",0.259331389568534,-0.206952525062425,11.54527422455,-142.208204394248,-3371.18018728824,0.0422660135909876,"EC_070","Wet"
"EC_070_SIR-W2_p09",0.337940433992107,-0.0577897396166392,13.7271654232172,-139.771938589553,-3511.64713108642,0.0412055747218999,"EC_070","Wet"
"EC_070_SIR-W3_p1",0.305969175196034,-0.331437339386889,12.527864893266,-144.083439070713,-3605.0073876229,0.0376763311149607,"EC_070","Wet"
"EC_070_SIR-W4_p1",0.242905430261371,-0.0538874515592937,11.9827118648772,-140.894452929246,-3351.32527142004,0.0434886287156152,"EC_070","Wet"
"EC_070_SIR-W5_p1",0.353841496865159,-0.0722518542993247,13.347513022043,-140.230452129667,-3328.88966418305,0.0443403258499836,"EC_070","Wet"
"EC_070_SIR-D2_p1",0.279150785677427,-0.164107223794875,10.4885474852057,-141.995258581185,-3193.1480798493,0.0432327002356694,"EC_070","Dry"
"EC_070_SIR-D3_p1",0.327224202174626,-0.173910387525421,13.6052523091122,-141.735413912258,-3608.37299733383,0.0401418756747459,"EC_070","Dry"
"EC_070_SIR-D4_p09",0.373699075461472,-0.262929366988219,15.6390940273642,-144.199839093887,-3887.99165575717,0.0368330857690722,"EC_070","Dry"
"EC_070_SIR-D5_p1",0.320015958308358,-0.190625427253534,12.1827478140749,-142.162292455979,-3273.83653621996,0.0443497718835901,"EC_070","Dry"
"EC_072_SIR-W1_p08",0.323887902248782,-0.282110118629816,11.8285449815718,-142.790657293021,-3356.20478501231,0.0424506589787529,"EC_072","Wet"
"EC_072_SIR-W2_p08",0.379933751574965,-0.379300702721766,11.0563730697755,-143.558397973279,-3014.29840359228,0.0451313735465909,"EC_072","Wet"
"EC_072_SIR-W3_p12",0.310193429777336,-0.33971431923837,12.962954318793,-143.163116328584,-3719.18129270187,0.0378790788377928,"EC_072","Wet"
"EC_072_SIR-W4_p09",0.36404258308233,-0.296432503111073,12.745291422769,-142.542544735168,-3326.54091427545,0.0419602738719312,"EC_072","Wet"
"EC_072_SIR-D1_p1",0.397320065682222,-0.270705488852013,17.0738387613468,-142.461198243288,-4293.80964642932,0.0339557309283833,"EC_072","Dry"
"EC_072_SIR-D2_p07",0.321240772415272,-0.262109941921378,12.6077119405362,-143.270114663437,-3597.85391973073,0.0405302159070927,"EC_072","Dry"
"EC_072_SIR-D3_p06",0.296547683172614,-0.236271908055802,10.2741099394192,-141.766060976644,-2828.07853690212,0.0512495786204304,"EC_072","Dry"
"EC_072_SIR-D4_p08",0.314001835319327,-0.209960176743938,11.2521716728993,-141.230938027831,-3169.21468925864,0.045644677692554,"EC_072","Dry"
"EC_073_SIR-W1_p1",0.331957350309956,-0.190985805322794,13.1071072416572,-141.690671249576,-3496.96239456417,0.0412060928707324,"EC_073","Wet"
"EC_073_SIR-W2_p1",0.34576023055569,-0.145741735168872,14.5521543067068,-141.681489619132,-3746.94449387713,0.0388389018836349,"EC_073","Wet"
"EC_073_SIR-W3_p1",0.338630970046641,-0.192893409728921,13.2818812885425,-141.773070830281,-3523.23045218011,0.0408962529124468,"EC_073","Wet"
"EC_073_SIR-W4_p09",0.260141993382325,-0.266333975350362,9.35757195338946,-143.249517973891,-2744.37689590363,0.0510242254171459,"EC_073","Wet"
"EC_073_SIR-W5_p09",0.349887290887216,-0.19388038493805,13.8309966113075,-141.987671747137,-3618.75487059812,0.0393926855679506,"EC_073","Wet"
"EC_073_SIR-D1_p1",0.240259214058909,-0.158934613119467,10.6022680541947,-141.825140919107,-3241.75487186115,0.0425920698647543,"EC_073","Dry"
"EC_073_SIR-D2_p1",0.316829098944232,-0.221144107957262,12.7429854965249,-142.444399168856,-3515.71762199329,0.0403941748351171,"EC_073","Dry"
"EC_073_SIR-D3_p1",0.30156142367365,-0.233162606260563,12.2828224989462,-142.607880492891,-3449.67023801449,0.0409727025202966,"EC_073","Dry"
"EC_073_SIR-D4_p09",0.283261593426189,-0.2370508989471,12.1077543652192,-142.539103317155,-3518.89649813845,0.039839579981898,"EC_073","Dry"
"EC_073_SIR-D5_p1",0.324434500227795,-0.178961960256185,12.9477189174256,-141.721666693424,-3481.90547971154,0.0414082505664035,"EC_073","Dry"
"EC_074_SIR-W1_p05",0.280752220804789,-0.267657467841265,11.2701938780086,-142.962493818836,-3178.24858313236,0.0471773104513536,"EC_074","Wet"
"EC_074_SIR-W2_p05",0.195856257473428,-0.552343662951449,8.12843605644269,-148.041567503623,-2967.22713330542,0.044439588829316,"EC_074","Wet"
"EC_074_SIR-W3_p06",0.289050614779484,-0.269479962170126,12.137081852652,-142.700447454737,-3527.06113872627,0.0400384165123875,"EC_074","Wet"
"EC_074_SIR-W4_p06",0.235003550122692,-0.178737027897017,11.1538056651133,-141.67501150548,-3512.76036654615,0.0395643916336486,"EC_074","Wet"
"EC_074_SIR-W5_p06",0.296883076369386,-0.278946298751801,12.7299517985864,-143.329405499809,-3665.23611140272,0.0386563111727462,"EC_074","Wet"
"EC_074_SIR-D1_p11",0.309614955483426,-0.217769147782003,13.4403321422193,-142.184825266077,-3760.70263476331,0.0380044624536965,"EC_074","Dry"
"EC_074_SIR-D2_p11",0.295787186702562,-0.224414719782242,11.9048726315778,-141.717479877626,-3421.82417515665,0.0414989001082347,"EC_074","Dry"
"EC_074_SIR-D3_p05",0.241913751182932,-0.23627441101311,10.70399704791,-142.575412763739,-3355.19141428205,0.044099262328433,"EC_074","Dry"
"EC_074_SIR-D4_p05",0.240684409174441,-0.317333128718822,10.7694191341156,-143.602301915439,-3618.61029051287,0.0384861985801973,"EC_074","Dry"
"EC_074_SIR-D5_p06",0.283924632117194,-0.296229934718092,12.1715060320568,-143.337492249701,-3719.05667672019,0.0383466700599788,"EC_074","Dry"
"EC_076_SIR-W1_p09",0.282374278735006,-0.38871378563466,11.1537205779307,-143.861211626043,-3362.2844118364,0.0431337677206723,"EC_076","Wet"
"EC_076_SIR-W2_p12",0.363499252404205,-0.244587400089477,14.0777030638192,-142.181908430419,-3682.02806916432,0.0407422300899325,"EC_076","Wet"
"EC_076_SIR-W3_p09",0.301163198751197,-0.32071348960301,12.0563617093964,-144.066046003698,-3486.55518733391,0.0409498932758853,"EC_076","Wet"
"EC_076_SIR-W4_p08",0.286827699505297,-0.363459879209094,10.2508950683369,-143.396814994284,-3110.39763224169,0.0455090827728775,"EC_076","Wet"
"EC_076_SIR-W5_p1",0.36742394403924,-0.234470778864776,12.2188847663173,-141.991895443402,-3113.61427997943,0.0458401377018517,"EC_076","Wet"
"EC_076_SIR-D1_p08",0.296103932048097,-0.392291860569159,11.7822823447581,-144.003560572912,-3573.14217004393,0.0394426516992173,"EC_076","Dry"
"EC_076_SIR-D2_p11",0.274442350439037,-0.375150759215715,11.5856683970119,-144.19348991862,-3623.39346195355,0.0397683593806471,"EC_076","Dry"
"EC_076_SIR-D3_p09",0.216098831904106,-0.325787045958603,9.54564358228653,-143.751683301054,-3276.54550972352,0.0425521720412599,"EC_076","Dry"
"EC_076_SIR-D4_p08",0.230032944248114,-0.312527769185325,10.3119745437093,-143.211296456134,-3302.7442962274,0.0427508818507683,"EC_076","Dry"
"EC_076_SIR-D5_p08",0.239983802528113,-0.295979765082737,10.4386777789182,-143.399077533825,-3390.54515352611,0.0412210600489896,"EC_076","Dry"
"EC_078_SIR-W1_p09",0.213762670344976,-0.41966832486607,8.74194919104385,-144.419015671234,-2996.45628110907,0.0458266292417551,"EC_078","Wet"
"EC_078_SIR-W2_p11",0.295407943439732,-0.329343821854289,10.8981266741276,-143.080082702372,-3269.13232670342,0.0427099909899139,"EC_078","Wet"
"EC_078_SIR-W3_p1",0.438776526991263,-0.225435315320444,13.7874509432662,-141.31151565114,-3340.19204491696,0.0427998332855103,"EC_078","Wet"
"EC_078_SIR-W4_p1",0.504389638183058,-0.288193735416209,13.8679071953469,-141.476276210405,-3151.73694526394,0.0421241922054315,"EC_078","Wet"
"EC_078_SIR-W5_p11",0.315225880136421,-0.358984847873078,11.6685872845771,-143.735767708277,-3391.61754893936,0.0405352572040057,"EC_078","Wet"
"EC_078_SIR-D1_p11",0.360258298657513,-0.246263264970971,12.5417206954891,-142.102641773223,-3395.97288815953,0.0414667204014875,"EC_078","Dry"
"EC_078_SIR-D2_p11",0.269394377647382,-0.431257380532768,10.8085805963299,-144.515209249902,-3487.73117403896,0.0409675974828741,"EC_078","Dry"
"EC_078_SIR-D3_p09",0.340645986484147,-0.265435567475296,11.5037314957353,-142.081871038246,-3186.67682359692,0.0446044691568596,"EC_078","Dry"
"EC_078_SIR-D4_p11",0.256124694467282,-0.389148465935626,9.75845150464902,-144.557366426292,-3147.66055595433,0.0461990757695427,"EC_078","Dry"
"EC_078_SIR-D5_p1",0.407000411995945,-0.177112003643426,14.955000379339,-141.854688070243,-3730.41158006015,0.0383563712631266,"EC_078","Dry"
"EC_080_SIR-W1_p06",0.272669957194893,-0.210253508826427,11.93725523703,-142.083215800592,-3462.89801637966,0.043182018700465,"EC_080","Wet"
"EC_080_SIR-W2_p07",0.250980244039143,-0.243320661999364,11.3526464753516,-142.355578344767,-3439.44909612434,0.0418710154878875,"EC_080","Wet"
"EC_080_SIR-W3_p07",0.258420291258568,-0.27534833812265,10.976239390765,-143.056275717426,-3356.26210086463,0.0427511989159296,"EC_080","Wet"
"EC_080_SIR-W4_p07",0.278024975938828,-0.235603967044381,12.1515023995153,-142.345507186061,-3568.38011891062,0.0403259678867725,"EC_080","Wet"
"EC_080_SIR-W5_p07",0.2312166357902,-0.257663787887326,9.68604044518796,-143.516356001922,-3032.26792884476,0.0465129715475692,"EC_080","Wet"
"EC_080_SIR-D1_p1",0.290616370507832,-0.260730201714564,11.3223102129426,-143.745631105959,-3320.31859877869,0.0425889552914532,"EC_080","Dry"
"EC_080_SIR-D2_p12",0.302271688537341,-0.299918524228849,11.5822475478437,-142.70367515905,-3298.33759296803,0.0431721062229736,"EC_080","Dry"
"EC_080_SIR-D3_p12",0.287607415476959,-0.323272969259131,11.6561135475268,-143.289404999577,-3419.75601126407,0.04171221591579,"EC_080","Dry"
"EC_080_SIR-D4_p07",0.332121270213272,-0.201330459845939,14.0023790363035,-142.905351511415,-3750.32582646018,0.0389679289850976,"EC_080","Dry"
"EC_080_SIR-D5_p06",0.325469075400288,-0.174954233876494,12.0537614304487,-141.259157311029,-3199.17823793691,0.0447373695278179,"EC_080","Dry"
"EC_081_SIR-W1_p06",0.206238343240668,-0.364944052218713,9.89025285940318,-143.32797264847,-3422.84080326906,0.0421141678659706,"EC_081","Wet"
"EC_081_SIR-W2_p09",0.264801601482987,-0.363891036001757,11.3727840775897,-144.111933475159,-3646.47555848973,0.0386593485283803,"EC_081","Wet"
"EC_081_SIR-W3_p09",0.362326342985191,-0.294076348525211,14.2365331185701,-143.009551579421,-3927.46984572196,0.0342536125067209,"EC_081","Wet"
"EC_081_SIR-W4_p08",0.302867362846327,-0.452596924998639,12.2144473006343,-144.444940773441,-3696.76942028622,0.0376085329216906,"EC_081","Wet"
"EC_081_SIR-W5_p07",0.252545597317085,-0.332363747848958,10.7496789237124,-143.129229107909,-3393.27035895304,0.0416831077536196,"EC_081","Wet"
"EC_081_SIR-D1_p05",0.304792585730817,-0.225697781798627,11.7276320438906,-142.204234064593,-3300.00178749268,0.043097672582629,"EC_081","Dry"
"EC_081_SIR-D2_p05",0.181590759166504,-0.260371027072364,8.99195845243434,-142.793227925114,-3112.94394468115,0.0455862637074614,"EC_081","Dry"
"EC_081_SIR-D3_p05",0.269918188552682,-0.273135311066593,12.4349970975519,-143.016304130241,-3747.94542683171,0.0376642326418791,"EC_081","Dry"
"EC_081_SIR-D4_p05",0.231388344992792,-0.247717827630185,10.6016680445134,-142.791807124124,-3398.46741058893,0.0419984751747987,"EC_081","Dry"
"EC_081_SIR-D5_p05",0.274328565774164,-0.34584975941147,10.5851496076768,-142.953588928466,-3289.74733840742,0.0425828576777872,"EC_081","Dry"
"EC_084_SIR-W1_p06",0.278111679083807,-0.219190595145198,11.4369151137061,-142.205843852464,-3312.6073730941,0.0442296188727383,"EC_084","Wet"
"EC_084_SIR-W2_p07",0.345133763541265,-0.177040524320779,13.7098194338174,-142.455583735254,-3618.17759517476,0.03857570281945,"EC_084","Wet"
"EC_084_SIR-W3_p07",0.301036697512287,-0.23375876550999,12.1647889244955,-142.151547549161,-3461.90514895946,0.0396999982092336,"EC_084","Wet"
"EC_084_SIR-W4_p09",0.272823016407315,-0.402744204427131,10.2553861262602,-143.753100138289,-3233.88160731616,0.0436926020115531,"EC_084","Wet"
"EC_084_SIR-W5_p1",0.231864091144918,-0.334602572919685,10.2664946838174,-143.752338661681,-3342.37270610852,0.0425274805664894,"EC_084","Wet"
"EC_084_SIR-D1_p09",0.240450159857524,-0.392692107202383,11.1910404986669,-144.317667448149,-3781.01871120939,0.037103789101611,"EC_084","Dry"
"EC_084_SIR-D2_p09",0.297216193683052,-0.457885396487043,11.3774998019507,-145.814381001159,-3612.44988157693,0.0371201923642881,"EC_084","Dry"
"EC_084_SIR-D3_p09",0.234954408393135,-0.448739369096546,10.8710405002165,-144.796093704009,-3810.65936260368,0.036235281604655,"EC_084","Dry"
"EC_084_SIR-D4_p09",0.260196946342448,-0.389844379761867,11.5341753548289,-144.152430770902,-3743.34922138649,0.036879058788021,"EC_084","Dry"
"EC_084_SIR-D5_p08",0.266830124363241,-0.386823447740278,10.4037587602979,-143.362307825395,-3260.67877104618,0.0426595989091753,"EC_084","Dry"
"EC_085_SIR-W1_p05",0.263876645992877,-0.353078318374479,10.6386949269041,-143.540436595619,-3370.77391537925,0.0421433675242297,"EC_085","Wet"
"EC_085_SIR-W2_p05",0.214577311034297,-0.383241026038935,10.2857853063771,-144.073326679256,-3688.97928868382,0.036660272164944,"EC_085","Wet"
"EC_085_SIR-W3_p06",0.257013431163441,-0.437888367938821,11.489310240574,-144.996766851824,-3847.86697983379,0.0359150074626934,"EC_085","Wet"
"EC_085_SIR-W4_p05",0.400796845071335,-0.323399580825655,14.5133101169773,-143.080042063978,-3759.35112705768,0.0364649720317927,"EC_085","Wet"
"EC_085_SIR-W5_p06",0.238414250666441,-0.365101110542899,9.5472108517044,-143.902914160262,-3035.85990587648,0.0460010687810738,"EC_085","Wet"
"EC_085_SIR-D1_p08",0.261131724872385,-0.460167414504277,10.9288977808512,-145.10750772118,-3632.30855839956,0.037738427181828,"EC_085","Dry"
"EC_085_SIR-D2_p1",0.296052606500909,-0.386997712594313,11.7961000255973,-143.858514387331,-3576.57257096793,0.0388199657632708,"EC_085","Dry"
"EC_085_SIR-D3_p09",0.256407095796527,-0.437871636462671,11.1797024765168,-144.818829961313,-3727.6170361772,0.0374886493065346,"EC_085","Dry"
"EC_085_SIR-D4_p09",0.241697735028229,-0.477440807369876,11.4125786122379,-145.306970705744,-3936.55632616925,0.0344838300543351,"EC_085","Dry"
"EC_085_SIR-D5_p1",0.264513599235567,-0.408878661531915,11.6405936118564,-144.446716138265,-3779.04467921054,0.0364937534090878,"EC_085","Dry"
"EC_089_SIR-W1_p1",0.290093356783147,-0.385575898703597,11.5436422312022,-146.079319029155,-3658.20774113091,0.0372690088962294,"EC_089","Wet"
"EC_089_SIR-W2_p09",0.301509398148714,-0.338543906537856,13.3923576238856,-143.58857241107,-3902.00321880945,0.0374924655654231,"EC_089","Wet"
"EC_089_SIR-W3_p1",0.285647345763752,-0.387221714406968,12.0942678985397,-144.468337463258,-3715.2954099822,0.0380740287041742,"EC_089","Wet"
"EC_089_SIR-W4_p09",0.237438700431554,-0.398800582617514,11.2806975656203,-144.680305475687,-3794.81792645891,0.0370195417092618,"EC_089","Wet"
"EC_089_SIR-W5_p1",0.334338620484962,-0.177531060666242,13.7354363332452,-141.816351264025,-3695.89983562291,0.0401933190079718,"EC_089","Wet"
"EC_089_SIR-D1_p08",0.237567199860161,-0.415522495722391,10.7473687830045,-144.375626893934,-3645.02548244963,0.0382289208044459,"EC_089","Dry"
"EC_089_SIR-D2_p09",0.279157609397478,-0.462629864922937,11.8085394674342,-144.885814948494,-3802.74837681011,0.036535759492659,"EC_089","Dry"
"EC_089_SIR-D3_p09",0.263161650973263,-0.427119255539294,11.3966487600714,-144.247732075157,-3662.24499492842,0.0379058798311424,"EC_089","Dry"
"EC_089_SIR-D4_p1",0.29192368829173,-0.220214760221837,11.7194053619383,-142.181335747376,-3296.47914757744,0.042881507326862,"EC_089","Dry"
"EC_089_SIR-D5_p09",0.252482846016764,-0.391684229782827,12.5483025424665,-144.739872826752,-4104.43495859847,0.0333591410011265,"EC_089","Dry"
"EC_090_SIR-W1_p09",0.253650205212782,-0.447485980021698,11.3576935050259,-144.405506959812,-3887.75635895748,0.0350048656345367,"EC_090","Wet"
"EC_090_SIR-W2_p1",0.350318790065855,-0.323616792332548,11.8870118313825,-142.946165038749,-3440.16129656674,0.0388691813593569,"EC_090","Wet"
"EC_090_SIR-W3_p06",0.267740810875784,-0.416438002282223,11.8317366485586,-144.581459430295,-3805.32255784093,0.0363352361020359,"EC_090","Wet"
"EC_090_SIR-W4_p05",0.25717132833389,-0.304491950715709,10.3163030760631,-142.824201468713,-3303.85924168313,0.0421003479463598,"EC_090","Wet"
"EC_090_SIR-W5_p05",0.303858740452342,-0.324090129318263,11.1739257879508,-143.079718224641,-3359.62084693915,0.0416721477518694,"EC_090","Wet"
"EC_090_SIR-D1_p1",0.241312730622411,-0.365650129442781,11.0602302800773,-143.652776409392,-3588.28123822197,0.0392282524239492,"EC_090","Dry"
"EC_090_SIR-D2_p09",0.270538427019971,-0.344251016389919,11.480514321572,-143.707394005755,-3620.17132026511,0.0394680279923584,"EC_090","Dry"
"EC_090_SIR-D3_p09",0.300999070777208,-0.304592194649908,12.1440902572988,-143.454165791482,-3574.37928213936,0.039622437126608,"EC_090","Dry"
"EC_090_SIR-D4_p1",0.268098731837065,-0.362461862523234,11.0176107329268,-143.810819269546,-3410.24160796579,0.0412194425701643,"EC_090","Dry"
"EC_090_SIR-D5_p09",0.301195475865968,-0.25487852208287,11.9389351268898,-142.788709948293,-3441.72138125862,0.0412121402777117,"EC_090","Dry"
"EC_091_SIR-W1_p11",0.349640143423587,-0.304307115024169,13.7846748456358,-142.853990715484,-3671.01501949019,0.0391820375171522,"EC_091","Wet"
"EC_091_SIR-W2_p07",0.268238597840158,-0.23665459959444,11.2756634490939,-142.444593852644,-3331.30618625375,0.0430964168977515,"EC_091","Wet"
"EC_091_SIR-W3_p06",0.267759534374904,-0.337329161237567,12.6015755682779,-144.054731390845,-3946.52095622329,0.0355228693979414,"EC_091","Wet"
"EC_091_SIR-W4_p06",0.26613992836261,-0.235738025200854,10.6441230618698,-142.75119152267,-3097.60128913437,0.0465504777432866,"EC_091","Wet"
"EC_091_SIR-W5_p07",0.294401014148635,-0.324888981056916,12.6253221473746,-142.934519918973,-3731.48687180307,0.0382722435226045,"EC_091","Wet"
"EC_091_SIR-D1_p05",0.221338495526346,-0.357330246921982,10.0536622889997,-144.281867458771,-3480.78071901418,0.040186183207345,"EC_091","Dry"
"EC_091_SIR-D2_p07",0.262670076512924,-0.367216843602602,11.4738528300995,-144.362366898023,-3601.86360152658,0.0385359784534595,"EC_091","Dry"
"EC_091_SIR-D3_p08",0.278934903970047,-0.317605699089679,11.7465977015891,-143.624154443998,-3487.42728260613,0.0403935282107715,"EC_091","Dry"
"EC_091_SIR-D4_p08",0.293416587391923,-0.366725585581004,11.5224274589446,-144.383803138242,-3486.54448542759,0.0405652802254714,"EC_091","Dry"
"EC_091_SIR-D5_p1",0.260684444794735,-0.28244835014361,11.776744609737,-142.432219688806,-3567.8860706675,0.0403406484774919,"EC_091","Dry"
"EC_092_SIR-W1_p1",0.281007738584905,-0.228401756167712,11.1936689432462,-141.952798510948,-3342.50738931072,0.0405439446852393,"EC_092","Wet"
"EC_092_SIR-W2_p1",0.336108299495077,-0.173754378686631,11.8749390832269,-140.637394830492,-3297.34710807106,0.0423945541085983,"EC_092","Wet"
"EC_092_SIR-W3_p1",0.295057944399077,-0.239384092794786,12.3726031482033,-142.073588313107,-3585.7853239327,0.0387523439730009,"EC_092","Wet"
"EC_092_SIR-W4_p11",0.264451556301146,-0.187988427445517,11.0653056370393,-141.315513886079,-3323.03840594901,0.0423921421761929,"EC_092","Wet"
"EC_092_SIR-W5_p11",0.288801792392415,-0.304763124582594,11.4917364660395,-142.995370351678,-3424.92917858136,0.0411815423811202,"EC_092","Wet"
"EC_092_SIR-D1_p08",0.268842005796764,-0.281893710306769,12.2937054977288,-143.324615500472,-3744.87405969505,0.0378292887920758,"EC_092","Dry"
"EC_092_SIR-D2_p08",0.264466198824232,-0.339381239626795,12.4057436015227,-143.481815874904,-3909.54638855186,0.0354377008832252,"EC_092","Dry"
"EC_092_SIR-D3_p1",0.282639987214074,-0.306694406008829,12.5434230365586,-143.307529498754,-3798.58117320082,0.0371297664950428,"EC_092","Dry"
"EC_092_SIR-D4_p1",0.267105357109339,-0.296498552481984,12.3455666168376,-143.298188432679,-3822.91951327365,0.0366784677368878,"EC_092","Dry"
"EC_092_SIR-D5_p09",0.2580788507736,-0.317606066187032,11.9297717415396,-143.505291211588,-3710.54475028256,0.0379255691830698,"EC_092","Dry"
"EC_093_SIR-W1_p09",0.262681436105194,-0.405319104832359,11.9356092528337,-144.809952203679,-3891.91738364883,0.0358591136644626,"EC_093","Wet"
"EC_093_SIR-W2_p08",0.280261759434879,-0.374291763753573,10.8796365954585,-143.905098636828,-3313.57378739718,0.0413212810214228,"EC_093","Wet"
"EC_093_SIR-W3_p1",0.307229975020169,-0.259775473667277,13.4604550049687,-142.640050638497,-3868.51087610021,0.0367091738537009,"EC_093","Wet"
"EC_093_SIR-W4_p1",0.30188431082192,-0.294306319845979,11.6894382064994,-143.335002350991,-3512.5088471141,0.0405473265171744,"EC_093","Wet"
"EC_093_SIR-W5_p1",0.334376196566336,-0.309676699180002,13.6466690809595,-143.181746259153,-3834.75545994862,0.0375246573952007,"EC_093","Wet"
"EC_093_SIR-D1_p1",0.271818546666304,-0.549735813861349,12.3129166936668,-146.307496556058,-4136.24795746814,0.0325551140985193,"EC_093","Dry"
"EC_093_SIR-D2_p1",0.277219178999213,-0.426064437226637,12.585409264403,-144.921631776584,-3944.3550423502,0.0352643340479142,"EC_093","Dry"
"EC_093_SIR-D3_p08",0.306843254134177,-0.370463258782831,11.2365677048085,-143.158571459909,-3275.57318860344,0.0436605081720164,"EC_093","Dry"
"EC_093_SIR-D4_p11",0.447732880683124,-0.240873633624004,15.0653257305165,-141.874145890459,-3436.18309306119,0.0415390682567636,"EC_093","Dry"
"EC_093_SIR-D5_p1",0.288580272557969,-0.332127833224055,11.3218843526238,-144.147736437267,-3375.82202350148,0.0415590844282617,"EC_093","Dry"
"EC_094_SIR-W1_p05",0.41634338144748,-0.202311881628832,14.4930800803598,-141.065572274482,-3603.7411653121,0.038475932766099,"EC_094","Wet"
"EC_094_SIR-W2_p06",0.227389264617312,-0.145218688625769,12.2767521825927,-142.159625403421,-3748.0001487017,0.0378436569707721,"EC_094","Wet"
"EC_094_SIR-W3_p07",0.357235056881966,-0.195160606583729,14.0078524560924,-141.817026796516,-3605.48048795318,0.0407320733980287,"EC_094","Wet"
"EC_094_SIR-W4_p07",0.366143793936418,-0.225374637225236,11.6744732967021,-142.664358318257,-3019.03008842673,0.0459107734502724,"EC_094","Wet"
"EC_094_SIR-W5_p09",0.277033452546225,-0.162048698892712,12.6093717592514,-142.082904459039,-3640.58829189022,0.0388712029802902,"EC_094","Wet"
"EC_094_SIR-D1_p11",0.284232437811772,-0.245940129527598,13.5079219079657,-142.362723712877,-3881.45618486827,0.0364340066105723,"EC_094","Dry"
"EC_094_SIR-D2_p1",0.275300302640389,-0.380930907313877,11.991747086857,-143.516851310376,-3776.30037271626,0.0368885458537969,"EC_094","Dry"
"EC_094_SIR-D3_p11",0.282743059426885,-0.33649455479372,12.9394155263817,-143.108759615642,-3952.61496517386,0.0351422742717736,"EC_094","Dry"
"EC_094_SIR-D4_p1",0.274781151175985,-0.326647593613443,12.0334733187177,-143.595901686364,-3732.96473864284,0.0373269413906534,"EC_094","Dry"
"EC_094_SIR-D5_p1",0.315970271639728,-0.323588360831117,12.9483739286525,-142.893390552898,-3726.29152733083,0.0386337245494232,"EC_094","Dry"
"EC_095_SIR-W1_p1",0.274412046657251,-0.462624089651388,11.1678034111521,-144.710219068537,-3677.34244009314,0.037341515595268,"EC_095","Wet"
"EC_095_SIR-W2_p09",0.285335275721951,-0.273809823557795,12.0447721111217,-143.258249634134,-3609.94097047351,0.0391874151801315,"EC_095","Wet"
"EC_095_SIR-W3_p08",0.360455658931834,-0.234157130264491,13.5347453201939,-142.419462243943,-3569.59071162835,0.0396842247578765,"EC_095","Wet"
"EC_095_SIR-W4_p08",0.250954304354049,-0.428326221491299,11.4986474711694,-144.877662011605,-3909.13383004185,0.035498985734572,"EC_095","Wet"
"EC_095_SIR-W5_p11",0.283559093939396,-0.448606032951179,11.4132361819202,-144.273851042396,-3653.72169820097,0.0376416239365147,"EC_095","Wet"
"EC_095_SIR-D1_p08",0.260499012973465,-0.346804436503395,10.4437201080082,-143.884287993616,-3428.03952153004,0.0416777564163384,"EC_095","Dry"
"EC_095_SIR-D2_p09",0.389458518616906,-0.344646654059351,14.4065068588736,-144.291466493673,-3898.37760766639,0.0351743688095696,"EC_095","Dry"
"EC_095_SIR-D3_p08",0.234523785545895,-0.234800232717247,10.3447276734637,-141.724141239105,-3219.6894415422,0.0456324180012323,"EC_095","Dry"
"EC_095_SIR-D4_p1",0.307294457286074,-0.335931682330149,11.836445307849,-143.705653838457,-3617.39350652896,0.0380269248059697,"EC_095","Dry"
"EC_095_SIR-D5_p08",0.249054141489313,-0.434134336344448,9.97034860091322,-144.826535069726,-3477.76144827053,0.0399632392480116,"EC_095","Dry"
